date,visitors,day_of_week
2022-01-01,2316,la
2022-01-02,2007,su
2022-01-03,1310,ma
2022-01-04,1090,ti
2022-01-05,1761,ke
2022-01-06,2861,to
2022-01-07,1908,pe
2022-01-08,2776,la
2022-01-09,2891,su
2022-01-10,41,ma
2022-01-11,41,ti
2022-01-12,67,ke
2022-01-13,101,to
2022-01-14,80,pe
2022-01-15,764,la
2022-01-16,388,su
2022-01-17,80,ma
2022-01-18,76,ti
2022-01-19,53,ke
2022-01-20,18,to
2022-01-21,72,pe
2022-01-22,649,la
2022-01-23,366,su
2022-01-24,33,ma
2022-01-25,180,ti
2022-01-26,95,ke
2022-01-27,90,to
2022-01-28,73,pe
2022-01-29,292,la
2022-01-30,160,su
2022-01-31,56,ma
2022-02-01,65,ti
2022-02-02,50,ke
2022-02-03,111,to
2022-02-04,101,pe
2022-02-05,141,la
2022-02-06,187,su
2022-02-07,55,ma
2022-02-08,97,ti
2022-02-09,96,ke
2022-02-10,95,to
2022-02-11,168,pe
2022-02-12,823,la
2022-02-13,255,su
2022-02-14,46,ma
2022-02-15,70,ti
2022-02-16,78,ke
2022-02-17,76,to
2022-02-18,301,pe
2022-02-19,382,la
2022-02-20,1029,su
2022-02-21,343,ma
2022-02-22,193,ti
2022-02-23,488,ke
2022-02-24,296,to
2022-02-25,155,pe
2022-02-26,1500,la
2022-02-27,1031,su
2022-02-28,253,ma
2022-03-01,268,ti
2022-03-02,171,ke
2022-03-03,445,to
2022-03-04,294,pe
2022-03-05,1302,la
2022-03-06,1326,su
2022-03-07,151,ma
2022-03-08,93,ti
2022-03-09,127,ke
2022-03-10,213,to
2022-03-11,214,pe
2022-03-12,1684,la
2022-03-13,1431,su
2022-03-14,229,ma
2022-03-15,189,ti
2022-03-16,191,ke
2022-03-17,207,to
2022-03-18,223,pe
2022-03-19,1535,la
2022-03-20,2124,su
2022-03-21,253,ma
2022-03-22,380,ti
2022-03-23,262,ke
2022-03-24,161,to
2022-03-25,267,pe
2022-03-26,427,la
2022-03-27,736,su
2022-03-28,125,ma
2022-03-29,118,ti
2022-03-30,260,ke
2022-03-31,175,to
2022-04-01,233,pe
2022-04-02,1321,la
2022-04-03,1222,su
2022-04-04,157,ma
2022-04-05,99,ti
2022-04-06,340,ke
2022-04-07,331,to
2022-04-08,211,pe
2022-04-09,730,la
2022-04-10,601,su
2022-04-11,366,ma
2022-04-12,672,ti
2022-04-13,632,ke
2022-04-14,505,to
2022-04-15,2618,pe
2022-04-16,4275,la
2022-04-17,4042,su
2022-04-18,3794,ma
2022-04-19,544,ti
2022-04-20,807,ke
2022-04-21,894,to
2022-04-22,904,pe
2022-04-23,2150,la
2022-04-24,2144,su
2022-04-25,827,ma
2022-04-26,1521,ti
2022-04-27,1736,ke
2022-04-28,1439,to
2022-04-29,1432,pe
2022-04-30,1525,la
2022-05-01,1563,su
2022-05-02,365,ma
2022-05-03,881,ti
2022-05-04,912,ke
2022-05-05,748,to
2022-05-06,1704,pe
2022-05-07,1725,la
2022-05-08,2415,su
2022-05-09,963,ma
2022-05-10,598,ti
2022-05-11,774,ke
2022-05-12,939,to
2022-05-13,888,pe
2022-05-14,2458,la
2022-05-15,2604,su
2022-05-16,838,ma
2022-05-17,1153,ti
2022-05-18,1620,ke
2022-05-19,1333,to
2022-05-20,1045,pe
2022-05-21,4102,la
2022-05-22,3965,su
2022-05-23,1507,ma
2022-05-24,1782,ti
2022-05-25,1689,ke
2022-05-26,805,to
2022-05-27,1243,pe
2022-05-28,2050,la
2022-05-29,2263,su
2022-05-30,1991,ma
2022-05-31,2091,ti
2022-06-01,2641,ke
2022-06-02,1643,to
2022-06-03,1507,pe
2022-06-04,1503,la
2022-06-05,4046,su
2022-06-06,2255,ma
2022-06-07,2717,ti
2022-06-08,1354,ke
2022-06-09,2224,to
2022-06-10,2324,pe
2022-06-11,7159,la
2022-06-12,5248,su
2022-06-13,2008,ma
2022-06-14,2598,ti
2022-06-15,2894,ke
2022-06-16,3291,to
2022-06-17,2633,pe
2022-06-18,1036,la
2022-06-19,5017,su
2022-06-20,1644,ma
2022-06-21,3391,ti
2022-06-22,2752,ke
2022-06-23,1971,to
2022-06-24,2980,pe
2022-06-25,4144,la
2022-06-26,1746,su
2022-06-27,1544,ma
2022-06-28,2362,ti
2022-06-29,2586,ke
2022-06-30,2136,to
2022-07-01,2231,pe
2022-07-02,2761,la
2022-07-03,2776,su
2022-07-04,4209,ma
2022-07-05,5864,ti
2022-07-06,5809,ke
2022-07-07,4905,to
2022-07-08,4286,pe
2022-07-09,5222,la
2022-07-10,5244,su
2022-07-11,5250,ma
2022-07-12,4822,ti
2022-07-13,5003,ke
2022-07-14,5481,to
2022-07-15,5863,pe
2022-07-16,6607,la
2022-07-17,3806,su
2022-07-18,5928,ma
2022-07-19,5191,ti
2022-07-20,7539,ke
2022-07-21,4942,to
2022-07-22,3395,pe
2022-07-23,6053,la
2022-07-24,2738,su
2022-07-25,5804,ma
2022-07-26,3996,ti
2022-07-27,5983,ke
2022-07-28,4016,to
2022-07-29,4351,pe
2022-07-30,5407,la
2022-07-31,4328,su
2022-08-01,3604,ma
2022-08-02,3776,ti
2022-08-03,4277,ke
2022-08-04,3225,to
2022-08-05,2910,pe
2022-08-06,3301,la
2022-08-07,4291,su
2022-08-08,1691,ma
2022-08-09,2741,ti
2022-08-10,2218,ke
2022-08-11,1528,to
2022-08-12,1847,pe
2022-08-13,4691,la
2022-08-14,2787,su
2022-08-15,1178,ma
2022-08-16,948,ti
2022-08-17,934,ke
2022-08-18,897,to
2022-08-19,1109,pe
2022-08-20,3369,la
2022-08-21,2553,su
2022-08-22,662,ma
2022-08-23,953,ti
2022-08-24,522,ke
2022-08-25,1379,to
2022-08-26,1261,pe
2022-08-27,3744,la
2022-08-28,2723,su
2022-08-29,368,ma
2022-08-30,605,ti
2022-08-31,514,ke
2022-09-01,387,to
2022-09-02,3448,pe
2022-09-03,7449,la
2022-09-04,1504,su
2022-09-05,232,ma
2022-09-06,397,ti
2022-09-07,367,ke
2022-09-08,380,to
2022-09-09,4722,pe
2022-09-10,9804,la
2022-09-11,2255,su
2022-09-12,384,ma
2022-09-13,228,ti
2022-09-14,137,ke
2022-09-15,156,to
2022-09-16,271,pe
2022-09-17,1242,la
2022-09-18,1702,su
2022-09-19,336,ma
2022-09-20,196,ti
2022-09-21,274,ke
2022-09-22,298,to
2022-09-23,413,pe
2022-09-24,1999,la
2022-09-25,1517,su
2022-09-26,216,ma
2022-09-27,308,ti
2022-09-28,312,ke
2022-09-29,81,to
2022-09-30,316,pe
2022-10-01,1509,la
2022-10-02,1252,su
2022-10-03,351,ma
2022-10-04,376,ti
2022-10-05,385,ke
2022-10-06,623,to
2022-10-07,615,pe
2022-10-08,374,la
2022-10-09,2141,su
2022-10-10,3552,ma
2022-10-11,286,ti
2022-10-12,894,ke
2022-10-13,404,to
2022-10-14,227,pe
2022-10-15,1014,la
2022-10-16,401,su
2022-10-17,1213,ma
2022-10-18,654,ti
2022-10-19,1334,ke
2022-10-20,1513,to
2022-10-21,1357,pe
2022-10-22,1671,la
2022-10-23,1389,su
2022-10-24,457,ma
2022-10-25,209,ti
2022-10-26,363,ke
2022-10-27,364,to
2022-10-28,519,pe
2022-10-29,458,la
2022-10-30,1157,su
2022-10-31,229,ma
2022-11-01,365,ti
2022-11-02,158,ke
2022-11-03,335,to
2022-11-04,247,pe
2022-11-05,878,la
2022-11-06,572,su
2022-11-07,1895,ma
2022-11-08,255,ti
2022-11-09,73,ke
2022-11-10,201,to
2022-11-11,269,pe
2022-11-12,1307,la
2022-11-13,1400,su
2022-11-14,129,ma
2022-11-15,177,ti
2022-11-16,135,ke
2022-11-17,170,to
2022-11-18,315,pe
2022-11-19,331,la
2022-11-20,284,su
2022-11-21,166,ma
2022-11-22,95,ti
2022-11-23,169,ke
2022-11-24,225,to
2022-11-25,223,pe
2022-11-26,406,la
2022-11-27,315,su
2022-11-28,125,ma
2022-11-29,127,ti
2022-11-30,89,ke
2022-12-01,82,to
2022-12-02,114,pe
2022-12-03,334,la
2022-12-04,440,su
2022-12-05,1999,ma
2022-12-06,422,ti
2022-12-07,38,ke
2022-12-08,140,to
2022-12-09,187,pe
2022-12-10,213,la
2022-12-11,271,su
2022-12-12,57,ma
2022-12-13,93,ti
2022-12-14,119,ke
2022-12-15,63,to
2022-12-16,123,pe
2022-12-17,299,la
2022-12-18,279,su
2022-12-19,87,ma
2022-12-20,94,ti
2022-12-21,43,ke
2022-12-22,153,to
2022-12-23,126,pe
2022-12-24,226,la
2022-12-25,531,su
2022-12-26,1313,ma
2022-12-27,488,ti
2022-12-28,1442,ke
2022-12-29,822,to
2022-12-30,655,pe
2022-12-31,499,la
2021-01-01,3,pe
2021-01-02,5,la
2021-01-03,9,su
2021-01-04,2,ma
2021-01-05,4,ti
2021-01-06,1,ke
2021-01-07,12,to
2021-01-08,16,pe
2021-01-09,0,la
2021-01-10,5,su
2021-01-11,6,ma
2021-01-12,0,ti
2021-01-13,42,ke
2021-01-14,48,to
2021-01-15,10,pe
2021-01-16,8,la
2021-01-17,12,su
2021-01-18,6,ma
2021-01-19,28,ti
2021-01-20,12,ke
2021-01-21,11,to
2021-01-22,37,pe
2021-01-23,1,la
2021-01-24,3,su
2021-01-25,8,ma
2021-01-26,6,ti
2021-01-27,33,ke
2021-01-28,12,to
2021-01-29,13,pe
2021-01-30,0,la
2021-01-31,14,su
2021-02-01,5,ma
2021-02-02,6,ti
2021-02-03,13,ke
2021-02-04,12,to
2021-02-05,12,pe
2021-02-06,7,la
2021-02-07,14,su
2021-02-08,6,ma
2021-02-09,10,ti
2021-02-10,11,ke
2021-02-11,9,to
2021-02-12,18,pe
2021-02-13,1,la
2021-02-14,4,su
2021-02-15,8,ma
2021-02-16,7,ti
2021-02-17,16,ke
2021-02-18,13,to
2021-02-19,19,pe
2021-02-20,18,la
2021-02-21,8,su
2021-02-22,3,ma
2021-02-23,9,ti
2021-02-24,7,ke
2021-02-25,8,to
2021-02-26,11,pe
2021-02-27,12,la
2021-02-28,14,su
2021-03-01,8,ma
2021-03-02,24,ti
2021-03-03,35,ke
2021-03-04,11,to
2021-03-05,13,pe
2021-03-06,6,la
2021-03-07,12,su
2021-03-08,14,ma
2021-03-09,30,ti
2021-03-10,8,ke
2021-03-11,11,to
2021-03-12,12,pe
2021-03-13,3,la
2021-03-14,7,su
2021-03-15,7,ma
2021-03-16,10,ti
2021-03-17,13,ke
2021-03-18,13,to
2021-03-19,13,pe
2021-03-20,3,la
2021-03-21,11,su
2021-03-22,8,ma
2021-03-23,14,ti
2021-03-24,11,ke
2021-03-25,12,to
2021-03-26,51,pe
2021-03-27,7,la
2021-03-28,6,su
2021-03-29,10,ma
2021-03-30,9,ti
2021-03-31,18,ke
2021-04-01,21,to
2021-04-02,8,pe
2021-04-03,0,la
2021-04-04,15,su
2021-04-05,0,ma
2021-04-06,0,ti
2021-04-07,0,ke
2021-04-08,1,to
2021-04-09,0,pe
2021-04-10,1,la
2021-04-11,12,su
2021-04-12,2,ma
2021-04-13,0,ti
2021-04-14,5,ke
2021-04-15,0,to
2021-04-16,0,pe
2021-04-17,10,la
2021-04-18,2,su
2021-04-19,6,ma
2021-04-20,1,ti
2021-04-21,10,ke
2021-04-22,8,to
2021-04-23,4,pe
2021-04-24,83,la
2021-04-25,82,su
2021-04-26,34,ma
2021-04-27,66,ti
2021-04-28,85,ke
2021-04-29,108,to
2021-04-30,92,pe
2021-05-01,49,la
2021-05-02,100,su
2021-05-03,705,ma
2021-05-04,785,ti
2021-05-05,153,ke
2021-05-06,200,to
2021-05-07,550,pe
2021-05-08,2852,la
2021-05-09,3182,su
2021-05-10,366,ma
2021-05-11,1091,ti
2021-05-12,1000,ke
2021-05-13,3431,to
2021-05-14,2642,pe
2021-05-15,3055,la
2021-05-16,3180,su
2021-05-17,336,ma
2021-05-18,324,ti
2021-05-19,214,ke
2021-05-20,560,to
2021-05-21,346,pe
2021-05-22,3130,la
2021-05-23,2639,su
2021-05-24,814,ma
2021-05-25,927,ti
2021-05-26,147,ke
2021-05-27,520,to
2021-05-28,1302,pe
2021-05-29,3206,la
2021-05-30,3165,su
2021-05-31,909,ma
2021-06-01,1384,ti
2021-06-02,1599,ke
2021-06-03,1271,to
2021-06-04,1446,pe
2021-06-05,3327,la
2021-06-06,2577,su
2021-06-07,1258,ma
2021-06-08,1973,ti
2021-06-09,2076,ke
2021-06-10,1894,to
2021-06-11,2131,pe
2021-06-12,2896,la
2021-06-13,2774,su
2021-06-14,2148,ma
2021-06-15,1894,ti
2021-06-16,2386,ke
2021-06-17,2418,to
2021-06-18,2084,pe
2021-06-19,3982,la
2021-06-20,2648,su
2021-06-21,1527,ma
2021-06-22,1189,ti
2021-06-23,943,ke
2021-06-24,1598,to
2021-06-25,2725,pe
2021-06-26,3653,la
2021-06-27,2596,su
2021-06-28,2699,ma
2021-06-29,3090,ti
2021-06-30,2971,ke
2021-07-01,3799,to
2021-07-02,3195,pe
2021-07-03,4283,la
2021-07-04,3233,su
2021-07-05,3576,ma
2021-07-06,4756,ti
2021-07-07,4398,ke
2021-07-08,2159,to
2021-07-09,4002,pe
2021-07-10,4200,la
2021-07-11,3437,su
2021-07-12,3734,ma
2021-07-13,4386,ti
2021-07-14,3491,ke
2021-07-15,3121,to
2021-07-16,3515,pe
2021-07-17,5685,la
2021-07-18,4933,su
2021-07-19,6372,ma
2021-07-20,4356,ti
2021-07-21,7379,ke
2021-07-22,5868,to
2021-07-23,5104,pe
2021-07-24,6179,la
2021-07-25,4505,su
2021-07-26,4377,ma
2021-07-27,4820,ti
2021-07-28,1504,ke
2021-07-29,4440,to
2021-07-30,732,pe
2021-07-31,6690,la
2021-08-01,2291,su
2021-08-02,3266,ma
2021-08-03,3445,ti
2021-08-04,4218,ke
2021-08-05,3746,to
2021-08-06,3844,pe
2021-08-07,985,la
2021-08-08,3798,su
2021-08-09,2471,ma
2021-08-10,2111,ti
2021-08-11,1591,ke
2021-08-12,1172,to
2021-08-13,1924,pe
2021-08-14,2717,la
2021-08-15,1155,su
2021-08-16,1230,ma
2021-08-17,270,ti
2021-08-18,322,ke
2021-08-19,316,to
2021-08-20,1369,pe
2021-08-21,2082,la
2021-08-22,3149,su
2021-08-23,774,ma
2021-08-24,879,ti
2021-08-25,53,ke
2021-08-26,920,to
2021-08-27,594,pe
2021-08-28,3431,la
2021-08-29,2480,su
2021-08-30,845,ma
2021-08-31,868,ti
2021-09-01,539,ke
2021-09-02,379,to
2021-09-03,4023,pe
2021-09-04,6663,la
2021-09-05,1912,su
2021-09-06,341,ma
2021-09-07,430,ti
2021-09-08,287,ke
2021-09-09,442,to
2021-09-10,5363,pe
2021-09-11,7864,la
2021-09-12,434,su
2021-09-13,243,ma
2021-09-14,300,ti
2021-09-15,394,ke
2021-09-16,272,to
2021-09-17,408,pe
2021-09-18,2188,la
2021-09-19,1492,su
2021-09-20,274,ma
2021-09-21,274,ti
2021-09-22,415,ke
2021-09-23,200,to
2021-09-24,179,pe
2021-09-25,1582,la
2021-09-26,2831,su
2021-09-27,377,ma
2021-09-28,461,ti
2021-09-29,260,ke
2021-09-30,233,to
2021-10-01,520,pe
2021-10-02,3524,la
2021-10-03,1907,su
2021-10-04,516,ma
2021-10-05,352,ti
2021-10-06,351,ke
2021-10-07,559,to
2021-10-08,392,pe
2021-10-09,1622,la
2021-10-10,1014,su
2021-10-11,355,ma
2021-10-12,190,ti
2021-10-13,301,ke
2021-10-14,696,to
2021-10-15,273,pe
2021-10-16,2001,la
2021-10-17,1940,su
2021-10-18,1200,ma
2021-10-19,1525,ti
2021-10-20,143,ke
2021-10-21,1429,to
2021-10-22,298,pe
2021-10-23,1098,la
2021-10-24,1716,su
2021-10-25,361,ma
2021-10-26,418,ti
2021-10-27,471,ke
2021-10-28,561,to
2021-10-29,671,pe
2021-10-30,1897,la
2021-10-31,1169,su
2021-11-01,232,ma
2021-11-02,344,ti
2021-11-03,111,ke
2021-11-04,221,to
2021-11-05,115,pe
2021-11-06,1226,la
2021-11-07,1497,su
2021-11-08,269,ma
2021-11-09,121,ti
2021-11-10,170,ke
2021-11-11,288,to
2021-11-12,194,pe
2021-11-13,722,la
2021-11-14,1024,su
2021-11-15,108,ma
2021-11-16,134,ti
2021-11-17,175,ke
2021-11-18,119,to
2021-11-19,189,pe
2021-11-20,900,la
2021-11-21,728,su
2021-11-22,117,ma
2021-11-23,127,ti
2021-11-24,187,ke
2021-11-25,142,to
2021-11-26,272,pe
2021-11-27,550,la
2021-11-28,380,su
2021-11-29,56,ma
2021-11-30,146,ti
2021-12-01,73,ke
2021-12-02,108,to
2021-12-03,88,pe
2021-12-04,273,la
2021-12-05,178,su
2021-12-06,132,ma
2021-12-07,71,ti
2021-12-08,37,ke
2021-12-09,97,to
2021-12-10,139,pe
2021-12-11,151,la
2021-12-12,246,su
2021-12-13,119,ma
2021-12-14,17,ti
2021-12-15,54,ke
2021-12-16,238,to
2021-12-17,257,pe
2021-12-18,366,la
2021-12-19,343,su
2021-12-20,420,ma
2021-12-21,99,ti
2021-12-22,64,ke
2021-12-23,124,to
2021-12-24,101,pe
2021-12-25,805,la
2021-12-26,1019,su
2021-12-27,882,ma
2021-12-28,2358,ti
2021-12-29,2056,ke
2021-12-30,2152,to
2021-12-31,1529,pe
2023-01-01,1985,su
2023-01-02,1315,ma
2023-01-03,844,ti
2023-01-04,1165,ke
2023-01-05,689,to
2023-01-06,1343,pe
2023-01-07,1843,la
2023-01-08,1351,su
2023-01-09,21,ma
2023-01-10,49,ti
2023-01-11,27,ke
2023-01-12,63,to
2023-01-13,106,pe
2023-01-14,219,la
2023-01-15,131,su
2023-01-16,474,ma
2023-01-17,65,ti
2023-01-18,57,ke
2023-01-19,67,to
2023-01-20,145,pe
2023-01-21,691,la
2023-01-22,544,su
2023-01-23,84,ma
2023-01-24,59,ti
2023-01-25,28,ke
2023-01-26,80,to
2023-01-27,252,pe
2023-01-28,401,la
2023-01-29,766,su
2023-01-30,102,ma
2023-01-31,228,ti
2023-02-01,91,ke
2023-02-02,111,to
2023-02-03,136,pe
2023-02-04,713,la
2023-02-05,471,su
2023-02-06,1035,ma
2023-02-07,98,ti
2023-02-08,133,ke
2023-02-09,73,to
2023-02-10,119,pe
2023-02-11,528,la
2023-02-12,468,su
2023-02-13,156,ma
2023-02-14,182,ti
2023-02-15,104,ke
2023-02-16,171,to
2023-02-17,251,pe
2023-02-18,162,la
2023-02-19,521,su
2023-02-20,518,ma
2023-02-21,469,ti
2023-02-22,462,ke
2023-02-23,293,to
2023-02-24,747,pe
2023-02-25,802,la
2023-02-26,1058,su
2023-02-27,201,ma
2023-02-28,186,ti
2023-03-01,258,ke
2023-03-02,303,to
2023-03-03,346,pe
2023-03-04,617,la
2023-03-05,650,su
2023-03-06,221,ma
2023-03-07,268,ti
2023-03-08,196,ke
2023-03-09,399,to
2023-03-10,388,pe
2023-03-11,523,la
2023-03-12,1099,su
2023-03-13,2109,ma
2023-03-14,101,ti
2023-03-15,227,ke
2023-03-16,304,to
2023-03-17,346,pe
2023-03-18,573,la
2023-03-19,965,su
2023-03-20,128,ma
2023-03-21,344,ti
2023-03-22,110,ke
2023-03-23,180,to
2023-03-24,199,pe
2023-03-25,1003,la
2023-03-26,374,su
2023-03-27,37,ma
2023-03-28,215,ti
2023-03-29,395,ke
2023-03-30,264,to
2023-03-31,319,pe
2023-04-01,1348,la
2023-04-02,785,su
2023-04-03,233,ma
2023-04-04,432,ti
2023-04-05,450,ke
2023-04-06,412,to
2023-04-07,3311,pe
2023-04-08,4194,la
2023-04-09,3835,su
2023-04-10,4110,ma
2023-04-11,491,ti
2023-04-12,904,ke
2023-04-13,671,to
2023-04-14,585,pe
2023-04-15,1679,la
2023-04-16,1815,su
2023-04-17,990,ma
2023-04-18,1183,ti
2023-04-19,1232,ke
2023-04-20,1562,to
2023-04-21,1350,pe
2023-04-22,3068,la
2023-04-23,2059,su
2023-04-24,1094,ma
2023-04-25,1429,ti
2023-04-26,1630,ke
2023-04-27,1476,to
2023-04-28,1187,pe
2023-04-29,1580,la
2023-04-30,777,su
2023-05-01,1667,ma
2023-05-02,94,ti
2023-05-03,690,ke
2023-05-04,464,to
2023-05-05,438,pe
2023-05-06,2030,la
2023-05-07,1900,su
2023-05-08,551,ma
2023-05-09,847,ti
2023-05-10,924,ke
2023-05-11,1027,to
2023-05-12,987,pe
2023-05-13,3026,la
2023-05-14,2575,su
2023-05-15,920,ma
2023-05-16,562,ti
2023-05-17,1268,ke
2023-05-18,3123,to
2023-05-19,2629,pe
2023-05-20,4824,la
2023-05-21,3057,su
2023-05-22,1061,ma
2023-05-23,1489,ti
2023-05-24,2034,ke
2023-05-25,1635,to
2023-05-26,944,pe
2023-05-27,4134,la
2023-05-28,2798,su
2023-05-29,1686,ma
2023-05-30,1873,ti
2023-05-31,2384,ke
2023-06-01,1933,to
2023-06-02,1146,pe
2023-06-03,3016,la
2023-06-04,2611,su
2023-06-05,1750,ma
2023-06-06,1698,ti
2023-06-07,2669,ke
2023-06-08,1658,to
2023-06-09,2453,pe
2023-06-10,5770,la
2023-06-11,3788,su
2023-06-12,3430,ma
2023-06-13,2730,ti
2023-06-14,2565,ke
2023-06-15,2028,to
2023-06-16,1876,pe
2023-06-17,4229,la
2023-06-18,3357,su
2023-06-19,2198,ma
2023-06-20,2510,ti
2023-06-21,2037,ke
2023-06-22,810,to
2023-06-23,2568,pe
2023-06-24,4958,la
2023-06-25,1285,su
2023-06-26,2840,ma
2023-06-27,3743,ti
2023-06-28,3461,ke
2023-06-29,2434,to
2023-06-30,2673,pe
2023-07-01,1983,la
2023-07-02,3120,su
2023-07-03,1405,ma
2023-07-04,3482,ti
2023-07-05,4399,ke
2023-07-06,4487,to
2023-07-07,4763,pe
2023-07-08,3328,la
2023-07-09,3185,su
2023-07-10,5695,ma
2023-07-11,7036,ti
2023-07-12,6677,ke
2023-07-13,4936,to
2023-07-14,6460,pe
2023-07-15,7873,la
2023-07-16,5993,su
2023-07-17,5754,ma
2023-07-18,5713,ti
2023-07-19,5421,ke
2023-07-20,4685,to
2023-07-21,3955,pe
2023-07-22,5864,la
2023-07-23,4062,su
2023-07-24,5238,ma
2023-07-25,5207,ti
2023-07-26,4631,ke
2023-07-27,5183,to
2023-07-28,3793,pe
2023-07-29,2689,la
2023-07-30,4982,su
2023-07-31,3270,ma
2023-08-01,1252,ti
2023-08-02,1246,ke
2023-08-03,2440,to
2023-08-04,1457,pe
2023-08-05,5528,la
2023-08-06,2660,su
2023-08-07,2020,ma
2023-08-08,955,ti
2023-08-09,2168,ke
2023-08-10,1105,to
2023-08-11,1285,pe
2023-08-12,5079,la
2023-08-13,3317,su
2023-08-14,1176,ma
2023-08-15,1359,ti
2023-08-16,969,ke
2023-08-17,1241,to
2023-08-18,1341,pe
2023-08-19,2432,la
2023-08-20,2919,su
2023-08-21,688,ma
2023-08-22,776,ti
2023-08-23,649,ke
2023-08-24,782,to
2023-08-25,907,pe
2023-08-26,2860,la
2023-08-27,744,su
2023-08-28,147,ma
2023-08-29,1027,ti
2023-08-30,144,ke
2023-08-31,835,to
2023-09-01,541,pe
2023-09-02,5094,la
2023-09-03,1841,su
2023-09-04,334,ma
2023-09-05,310,ti
2023-09-06,485,ke
2023-09-07,491,to
2023-09-08,564,pe
2023-09-09,13039,la
2023-09-10,2002,su
2023-09-11,383,ma
2023-09-12,408,ti
2023-09-13,307,ke
2023-09-14,850,to
2023-09-15,645,pe
2023-09-16,2235,la
2023-09-17,869,su
2023-09-18,356,ma
2023-09-19,207,ti
2023-09-20,210,ke
2023-09-21,341,to
2023-09-22,677,pe
2023-09-23,343,la
2023-09-24,1801,su
2023-09-25,276,ma
2023-09-26,227,ti
2023-09-27,252,ke
2023-09-28,343,to
2023-09-29,385,pe
2023-09-30,1070,la
2023-10-01,1148,su
2023-10-02,483,ma
2023-10-03,676,ti
2023-10-04,701,ke
2023-10-05,890,to
2023-10-06,666,pe
2023-10-07,200,la
2023-10-08,427,su
2023-10-09,1956,ma
2023-10-10,478,ti
2023-10-11,304,ke
2023-10-12,560,to
2023-10-13,393,pe
2023-10-14,495,la
2023-10-15,1282,su
2023-10-16,1124,ma
2023-10-17,1251,ti
2023-10-18,922,ke
2023-10-19,842,to
2023-10-20,1019,pe
2023-10-21,1277,la
2023-10-22,423,su
2023-10-23,302,ma
2023-10-24,373,ti
2023-10-25,352,ke
2023-10-26,535,to
2023-10-27,276,pe
2023-10-28,590,la
2023-10-29,778,su
2023-10-30,245,ma
2023-10-31,128,ti
2023-11-01,155,ke
2023-11-02,273,to
2023-11-03,178,pe
2023-11-04,106,la
2023-11-05,665,su
2023-11-06,102,ma
2023-11-07,143,ti
2023-11-08,167,ke
2023-11-09,92,to
2023-11-10,59,pe
2023-11-11,364,la
2023-11-12,196,su
2023-11-13,1437,ma
2023-11-14,117,ti
2023-11-15,385,ke
2023-11-16,174,to
2023-11-17,130,pe
2023-11-18,470,la
2023-11-19,439,su
2023-11-20,158,ma
2023-11-21,117,ti
2023-11-22,124,ke
2023-11-23,197,to
2023-11-24,114,pe
2023-11-25,360,la
2023-11-26,283,su
2023-11-27,33,ma
2023-11-28,120,ti
2023-11-29,89,ke
2023-11-30,108,to
2023-12-01,112,pe
2023-12-02,259,la
2023-12-03,257,su
2023-12-04,124,ma
2023-12-05,48,ti
2023-12-06,392,ke
2023-12-07,100,to
2023-12-08,72,pe
2023-12-09,209,la
2023-12-10,215,su
2023-12-11,661,ma
2023-12-12,85,ti
2023-12-13,57,ke
2023-12-14,43,to
2023-12-15,84,pe
2023-12-16,251,la
2023-12-17,293,su
2023-12-18,154,ma
2023-12-19,77,ti
2023-12-20,97,ke
2023-12-21,137,to
2023-12-22,44,pe
2023-12-23,179,la
2023-12-24,228,su
2023-12-25,514,ma
2023-12-26,629,ti
2023-12-27,608,ke
2023-12-28,656,to
2023-12-29,479,pe
2023-12-30,1796,la
2023-12-31,835,su
2020-01-01,2087,ke
2020-01-02,1821,to
2020-01-03,500,pe
2020-01-04,3468,la
2020-01-05,3084,su
2020-01-06,2090,ma
2020-01-07,408,ti
2020-01-08,228,ke
2020-01-09,207,to
2020-01-10,228,pe
2020-01-11,597,la
2020-01-12,258,su
2020-01-13,74,ma
2020-01-14,121,ti
2020-01-15,85,ke
2020-01-16,120,to
2020-01-17,111,pe
2020-01-18,302,la
2020-01-19,567,su
2020-01-20,115,ma
2020-01-21,130,ti
2020-01-22,105,ke
2020-01-23,120,to
2020-01-24,236,pe
2020-01-25,718,la
2020-01-26,556,su
2020-01-27,63,ma
2020-01-28,50,ti
2020-01-29,56,ke
2020-01-30,62,to
2020-01-31,182,pe
2020-02-01,375,la
2020-02-02,393,su
2020-02-03,169,ma
2020-02-04,244,ti
2020-02-05,186,ke
2020-02-06,192,to
2020-02-07,153,pe
2020-02-08,488,la
2020-02-09,283,su
2020-02-10,33,ma
2020-02-11,170,ti
2020-02-12,128,ke
2020-02-13,211,to
2020-02-14,391,pe
2020-02-15,370,la
2020-02-16,75,su
2020-02-17,349,ma
2020-02-18,570,ti
2020-02-19,968,ke
2020-02-20,1112,to
2020-02-21,252,pe
2020-02-22,83,la
2020-02-23,1499,su
2020-02-24,301,ma
2020-02-25,399,ti
2020-02-26,316,ke
2020-02-27,171,to
2020-02-28,339,pe
2020-02-29,1066,la
2020-03-01,191,su
2020-03-02,222,ma
2020-03-03,300,ti
2020-03-04,164,ke
2020-03-05,323,to
2020-03-06,485,pe
2020-03-07,1028,la
2020-03-08,1757,su
2020-03-09,242,ma
2020-03-10,276,ti
2020-03-11,162,ke
2020-03-12,263,to
2020-03-13,278,pe
2020-03-14,1155,la
2020-03-15,969,su
2020-03-16,68,ma
2020-03-17,0,ti
2020-03-18,0,ke
2020-03-19,0,to
2020-03-20,0,pe
2020-03-21,0,la
2020-03-22,0,su
2020-03-23,0,ma
2020-03-24,0,ti
2020-03-25,0,ke
2020-03-26,0,to
2020-03-27,0,pe
2020-03-28,0,la
2020-03-29,0,su
2020-03-30,4,ma
2020-03-31,5,ti
2020-04-01,0,ke
2020-04-02,0,to
2020-04-03,0,pe
2020-04-04,0,la
2020-04-05,0,su
2020-04-06,0,ma
2020-04-07,0,ti
2020-04-08,0,ke
2020-04-09,0,to
2020-04-10,0,pe
2020-04-11,0,la
2020-04-12,0,su
2020-04-13,0,ma
2020-04-14,0,ti
2020-04-15,0,ke
2020-04-16,0,to
2020-04-17,0,pe
2020-04-18,0,la
2020-04-19,0,su
2020-04-20,0,ma
2020-04-21,0,ti
2020-04-22,0,ke
2020-04-23,0,to
2020-04-24,0,pe
2020-04-25,0,la
2020-04-26,0,su
2020-04-27,0,ma
2020-04-28,0,ti
2020-04-29,0,ke
2020-04-30,0,to
2020-05-01,0,pe
2020-05-02,0,la
2020-05-03,0,su
2020-05-04,38,ma
2020-05-05,0,ti
2020-05-06,0,ke
2020-05-07,0,to
2020-05-08,0,pe
2020-05-09,0,la
2020-05-10,0,su
2020-05-11,0,ma
2020-05-12,0,ti
2020-05-13,0,ke
2020-05-14,0,to
2020-05-15,0,pe
2020-05-16,0,la
2020-05-17,3,su
2020-05-18,14,ma
2020-05-19,0,ti
2020-05-20,1,ke
2020-05-21,3,to
2020-05-22,3,pe
2020-05-23,45,la
2020-05-24,41,su
2020-05-25,8,ma
2020-05-26,63,ti
2020-05-27,69,ke
2020-05-28,61,to
2020-05-29,22,pe
2020-05-30,50,la
2020-05-31,31,su
2020-06-01,1143,ma
2020-06-02,1654,ti
2020-06-03,1959,ke
2020-06-04,986,to
2020-06-05,893,pe
2020-06-06,1572,la
2020-06-07,4223,su
2020-06-08,640,ma
2020-06-09,1695,ti
2020-06-10,2235,ke
2020-06-11,2110,to
2020-06-12,1981,pe
2020-06-13,3975,la
2020-06-14,3174,su
2020-06-15,1967,ma
2020-06-16,1532,ti
2020-06-17,1390,ke
2020-06-18,1074,to
2020-06-19,2013,pe
2020-06-20,3568,la
2020-06-21,3026,su
2020-06-22,2144,ma
2020-06-23,2163,ti
2020-06-24,1958,ke
2020-06-25,1545,to
2020-06-26,1722,pe
2020-06-27,3135,la
2020-06-28,3073,su
2020-06-29,3159,ma
2020-06-30,142,ti
2020-07-01,1358,ke
2020-07-02,3056,to
2020-07-03,5257,pe
2020-07-04,1597,la
2020-07-05,2893,su
2020-07-06,3781,ma
2020-07-07,2981,ti
2020-07-08,3310,ke
2020-07-09,4102,to
2020-07-10,6654,pe
2020-07-11,640,la
2020-07-12,8059,su
2020-07-13,2779,ma
2020-07-14,5611,ti
2020-07-15,5973,ke
2020-07-16,4825,to
2020-07-17,4001,pe
2020-07-18,5494,la
2020-07-19,4319,su
2020-07-20,5053,ma
2020-07-21,3227,ti
2020-07-22,5646,ke
2020-07-23,3424,to
2020-07-24,1252,pe
2020-07-25,3379,la
2020-07-26,5963,su
2020-07-27,5289,ma
2020-07-28,1929,ti
2020-07-29,2147,ke
2020-07-30,2532,to
2020-07-31,3853,pe
2020-08-01,6109,la
2020-08-02,3463,su
2020-08-03,1523,ma
2020-08-04,2667,ti
2020-08-05,3758,ke
2020-08-06,2830,to
2020-08-07,2806,pe
2020-08-08,4294,la
2020-08-09,2827,su
2020-08-10,2108,ma
2020-08-11,2036,ti
2020-08-12,1627,ke
2020-08-13,872,to
2020-08-14,1321,pe
2020-08-15,3574,la
2020-08-16,2535,su
2020-08-17,985,ma
2020-08-18,953,ti
2020-08-19,946,ke
2020-08-20,1083,to
2020-08-21,1407,pe
2020-08-22,1545,la
2020-08-23,2763,su
2020-08-24,542,ma
2020-08-25,450,ti
2020-08-26,751,ke
2020-08-27,1580,to
2020-08-28,1012,pe
2020-08-29,2464,la
2020-08-30,948,su
2020-08-31,278,ma
2020-09-01,444,ti
2020-09-02,506,ke
2020-09-03,173,to
2020-09-04,1200,pe
2020-09-05,2128,la
2020-09-06,1200,su
2020-09-07,200,ma
2020-09-08,93,ti
2020-09-09,241,ke
2020-09-10,284,to
2020-09-11,3298,pe
2020-09-12,1401,la
2020-09-13,2265,su
2020-09-14,459,ma
2020-09-15,302,ti
2020-09-16,193,ke
2020-09-17,109,to
2020-09-18,3629,pe
2020-09-19,5438,la
2020-09-20,1779,su
2020-09-21,257,ma
2020-09-22,256,ti
2020-09-23,459,ke
2020-09-24,451,to
2020-09-25,608,pe
2020-09-26,2839,la
2020-09-27,2868,su
2020-09-28,434,ma
2020-09-29,248,ti
2020-09-30,254,ke
2020-10-01,339,to
2020-10-02,700,pe
2020-10-03,2054,la
2020-10-04,540,su
2020-10-05,179,ma
2020-10-06,279,ti
2020-10-07,333,ke
2020-10-08,243,to
2020-10-09,191,pe
2020-10-10,1892,la
2020-10-11,680,su
2020-10-12,893,ma
2020-10-13,1408,ti
2020-10-14,1417,ke
2020-10-15,1542,to
2020-10-16,1634,pe
2020-10-17,1871,la
2020-10-18,1061,su
2020-10-19,822,ma
2020-10-20,415,ti
2020-10-21,122,ke
2020-10-22,209,to
2020-10-23,287,pe
2020-10-24,1474,la
2020-10-25,1232,su
2020-10-26,125,ma
2020-10-27,143,ti
2020-10-28,149,ke
2020-10-29,288,to
2020-10-30,250,pe
2020-10-31,754,la
2020-11-01,802,su
2020-11-02,54,ma
2020-11-03,197,ti
2020-11-04,138,ke
2020-11-05,153,to
2020-11-06,304,pe
2020-11-07,1289,la
2020-11-08,1236,su
2020-11-09,236,ma
2020-11-10,159,ti
2020-11-11,100,ke
2020-11-12,212,to
2020-11-13,251,pe
2020-11-14,1175,la
2020-11-15,1158,su
2020-11-16,468,ma
2020-11-17,61,ti
2020-11-18,197,ke
2020-11-19,58,to
2020-11-20,219,pe
2020-11-21,665,la
2020-11-22,1514,su
2020-11-23,189,ma
2020-11-24,219,ti
2020-11-25,80,ke
2020-11-26,186,to
2020-11-27,136,pe
2020-11-28,672,la
2020-11-29,490,su
2020-11-30,15,ma
2020-12-01,31,ti
2020-12-02,34,ke
2020-12-03,11,to
2020-12-04,8,pe
2020-12-05,4,la
2020-12-06,16,su
2020-12-07,8,ma
2020-12-08,7,ti
2020-12-09,49,ke
2020-12-10,9,to
2020-12-11,13,pe
2020-12-12,4,la
2020-12-13,2,su
2020-12-14,12,ma
2020-12-15,5,ti
2020-12-16,17,ke
2020-12-17,10,to
2020-12-18,11,pe
2020-12-19,16,la
2020-12-20,10,su
2020-12-21,22,ma
2020-12-22,21,ti
2020-12-23,8,ke
2020-12-24,2,to
2020-12-25,0,pe
2020-12-26,0,la
2020-12-27,9,su
2020-12-28,3,ma
2020-12-29,0,ti
2020-12-30,0,ke
2020-12-31,6,to
2018-01-01,437,ma
2018-01-02,434,ti
2018-01-03,554,ke
2018-01-04,653,to
2018-01-05,352,pe
2018-01-06,470,la
2018-01-07,685,su
2018-01-08,152,ma
2018-01-09,96,ti
2018-01-10,74,ke
2018-01-11,58,to
2018-01-12,77,pe
2018-01-13,334,la
2018-01-14,444,su
2018-01-15,52,ma
2018-01-16,135,ti
2018-01-17,34,ke
2018-01-18,75,to
2018-01-19,59,pe
2018-01-20,263,la
2018-01-21,260,su
2018-01-22,32,ma
2018-01-23,72,ti
2018-01-24,14,ke
2018-01-25,64,to
2018-01-26,70,pe
2018-01-27,207,la
2018-01-28,291,su
2018-01-29,78,ma
2018-01-30,97,ti
2018-01-31,108,ke
2018-02-01,58,to
2018-02-02,48,pe
2018-02-03,224,la
2018-02-04,262,su
2018-02-05,36,ma
2018-02-06,70,ti
2018-02-07,94,ke
2018-02-08,80,to
2018-02-09,114,pe
2018-02-10,300,la
2018-02-11,275,su
2018-02-12,81,ma
2018-02-13,112,ti
2018-02-14,97,ke
2018-02-15,111,to
2018-02-16,208,pe
2018-02-17,403,la
2018-02-18,451,su
2018-02-19,315,ma
2018-02-20,267,ti
2018-02-21,367,ke
2018-02-22,300,to
2018-02-23,319,pe
2018-02-24,339,la
2018-02-25,237,su
2018-02-26,86,ma
2018-02-27,85,ti
2018-02-28,61,ke
2018-03-01,170,to
2018-03-02,196,pe
2018-03-03,460,la
2018-03-04,457,su
2018-03-05,208,ma
2018-03-06,272,ti
2018-03-07,238,ke
2018-03-08,228,to
2018-03-09,304,pe
2018-03-10,456,la
2018-03-11,567,su
2018-03-12,198,ma
2018-03-13,163,ti
2018-03-14,264,ke
2018-03-15,305,to
2018-03-16,342,pe
2018-03-17,574,la
2018-03-18,750,su
2018-03-19,203,ma
2018-03-20,104,ti
2018-03-21,112,ke
2018-03-22,85,to
2018-03-23,130,pe
2018-03-24,465,la
2018-03-25,322,su
2018-03-26,211,ma
2018-03-27,272,ti
2018-03-28,214,ke
2018-03-29,245,to
2018-03-30,4231,pe
2018-03-31,4237,la
2018-04-01,3181,su
2018-04-02,368,ma
2018-04-03,156,ti
2018-04-04,294,ke
2018-04-05,147,to
2018-04-06,221,pe
2018-04-07,1550,la
2018-04-08,1007,su
2018-04-09,337,ma
2018-04-10,432,ti
2018-04-11,480,ke
2018-04-12,379,to
2018-04-13,469,pe
2018-04-14,2186,la
2018-04-15,1330,su
2018-04-16,279,ma
2018-04-17,664,ti
2018-04-18,1050,ke
2018-04-19,1138,to
2018-04-20,756,pe
2018-04-21,1144,la
2018-04-22,629,su
2018-04-23,885,ma
2018-04-24,1449,ti
2018-04-25,1719,ke
2018-04-26,2152,to
2018-04-27,1607,pe
2018-04-28,1378,la
2018-04-29,566,su
2018-04-30,1817,ma
2018-05-01,627,ti
2018-05-02,422,ke
2018-05-03,1210,to
2018-05-04,1130,pe
2018-05-05,2608,la
2018-05-06,2589,su
2018-05-07,784,ma
2018-05-08,800,ti
2018-05-09,1006,ke
2018-05-10,4141,to
2018-05-11,2175,pe
2018-05-12,3760,la
2018-05-13,2876,su
2018-05-14,1051,ma
2018-05-15,1104,ti
2018-05-16,1289,ke
2018-05-17,1520,to
2018-05-18,1214,pe
2018-05-19,4286,la
2018-05-20,2824,su
2018-05-21,957,ma
2018-05-22,2363,ti
2018-05-23,2274,ke
2018-05-24,2325,to
2018-05-25,2240,pe
2018-05-26,3873,la
2018-05-27,3045,su
2018-05-28,1314,ma
2018-05-29,2947,ti
2018-05-30,2549,ke
2018-05-31,2439,to
2018-06-01,1537,pe
2018-06-02,3718,la
2018-06-03,3507,su
2018-06-04,1815,ma
2018-06-05,1740,ti
2018-06-06,1909,ke
2018-06-07,2048,to
2018-06-08,2232,pe
2018-06-09,4889,la
2018-06-10,4305,su
2018-06-11,2118,ma
2018-06-12,2626,ti
2018-06-13,2627,ke
2018-06-14,2709,to
2018-06-15,2375,pe
2018-06-16,5808,la
2018-06-17,3826,su
2018-06-18,2381,ma
2018-06-19,865,ti
2018-06-20,2879,ke
2018-06-21,861,to
2018-06-22,728,pe
2018-06-23,5087,la
2018-06-24,2677,su
2018-06-25,1500,ma
2018-06-26,3701,ti
2018-06-27,3528,ke
2018-06-28,3570,to
2018-06-29,865,pe
2018-06-30,4179,la
2018-07-01,3858,su
2018-07-02,2221,ma
2018-07-03,1457,ti
2018-07-04,6028,ke
2018-07-05,2964,to
2018-07-06,2014,pe
2018-07-07,5243,la
2018-07-08,3786,su
2018-07-09,4122,ma
2018-07-10,5535,ti
2018-07-11,5214,ke
2018-07-12,4282,to
2018-07-13,4268,pe
2018-07-14,6396,la
2018-07-15,2567,su
2018-07-16,1771,ma
2018-07-17,2497,ti
2018-07-18,2595,ke
2018-07-19,3011,to
2018-07-20,1149,pe
2018-07-21,3205,la
2018-07-22,3519,su
2018-07-23,3299,ma
2018-07-24,3635,ti
2018-07-25,3342,ke
2018-07-26,2712,to
2018-07-27,2047,pe
2018-07-28,3550,la
2018-07-29,3150,su
2018-07-30,2231,ma
2018-07-31,2810,ti
2018-08-01,2347,ke
2018-08-02,2339,to
2018-08-03,1812,pe
2018-08-04,3581,la
2018-08-05,3166,su
2018-08-06,2816,ma
2018-08-07,2986,ti
2018-08-08,2943,ke
2018-08-09,1660,to
2018-08-10,1547,pe
2018-08-11,4889,la
2018-08-12,871,su
2018-08-13,1378,ma
2018-08-14,1338,ti
2018-08-15,1043,ke
2018-08-16,1388,to
2018-08-17,1695,pe
2018-08-18,10907,la
2018-08-19,1931,su
2018-08-20,606,ma
2018-08-21,1346,ti
2018-08-22,1428,ke
2018-08-23,1326,to
2018-08-24,1960,pe
2018-08-25,3993,la
2018-08-26,1934,su
2018-08-27,1344,ma
2018-08-28,1364,ti
2018-08-29,1712,ke
2018-08-30,1152,to
2018-08-31,2013,pe
2018-09-01,2629,la
2018-09-02,1808,su
2018-09-03,469,ma
2018-09-04,432,ti
2018-09-05,431,ke
2018-09-06,413,to
2018-09-07,7922,pe
2018-09-08,3198,la
2018-09-09,1525,su
2018-09-10,253,ma
2018-09-11,116,ti
2018-09-12,1096,ke
2018-09-13,418,to
2018-09-14,8746,pe
2018-09-15,605,la
2018-09-16,2041,su
2018-09-17,65,ma
2018-09-18,288,ti
2018-09-19,468,ke
2018-09-20,300,to
2018-09-21,398,pe
2018-09-22,680,la
2018-09-23,1185,su
2018-09-24,362,ma
2018-09-25,263,ti
2018-09-26,72,ke
2018-09-27,320,to
2018-09-28,404,pe
2018-09-29,1507,la
2018-09-30,714,su
2018-10-01,309,ma
2018-10-02,424,ti
2018-10-03,1016,ke
2018-10-04,2712,to
2018-10-05,455,pe
2018-10-06,987,la
2018-10-07,493,su
2018-10-08,174,ma
2018-10-09,146,ti
2018-10-10,429,ke
2018-10-11,588,to
2018-10-12,431,pe
2018-10-13,1045,la
2018-10-14,1643,su
2018-10-15,1247,ma
2018-10-16,1140,ti
2018-10-17,1077,ke
2018-10-18,783,to
2018-10-19,1503,pe
2018-10-20,1212,la
2018-10-21,959,su
2018-10-22,232,ma
2018-10-23,170,ti
2018-10-24,272,ke
2018-10-25,237,to
2018-10-26,379,pe
2018-10-27,514,la
2018-10-28,834,su
2018-10-29,157,ma
2018-10-30,123,ti
2018-10-31,232,ke
2018-11-01,439,to
2018-11-02,109,pe
2018-11-03,740,la
2018-11-04,1055,su
2018-11-05,134,ma
2018-11-06,308,ti
2018-11-07,248,ke
2018-11-08,171,to
2018-11-09,176,pe
2018-11-10,203,la
2018-11-11,347,su
2018-11-12,83,ma
2018-11-13,124,ti
2018-11-14,175,ke
2018-11-15,159,to
2018-11-16,161,pe
2018-11-17,685,la
2018-11-18,629,su
2018-11-19,115,ma
2018-11-20,233,ti
2018-11-21,115,ke
2018-11-22,85,to
2018-11-23,96,pe
2018-11-24,400,la
2018-11-25,294,su
2018-11-26,55,ma
2018-11-27,65,ti
2018-11-28,147,ke
2018-11-29,130,to
2018-11-30,58,pe
2018-12-01,258,la
2018-12-02,202,su
2018-12-03,22,ma
2018-12-04,52,ti
2018-12-05,59,ke
2018-12-06,332,to
2018-12-07,185,pe
2018-12-08,52,la
2018-12-09,102,su
2018-12-10,52,ma
2018-12-11,76,ti
2018-12-12,91,ke
2018-12-13,182,to
2018-12-14,74,pe
2018-12-15,212,la
2018-12-16,189,su
2018-12-17,37,ma
2018-12-18,97,ti
2018-12-19,65,ke
2018-12-20,76,to
2018-12-21,91,pe
2018-12-22,96,la
2018-12-23,202,su
2018-12-24,38,ma
2018-12-25,356,ti
2018-12-26,454,ke
2018-12-27,287,to
2018-12-28,381,pe
2018-12-29,464,la
2018-12-30,611,su
2018-12-31,369,ma
2019-01-01,338,ti
2019-01-02,204,ke
2019-01-03,383,to
2019-01-04,355,pe
2019-01-05,438,la
2019-01-06,416,su
2019-01-07,154,ma
2019-01-08,107,ti
2019-01-09,80,ke
2019-01-10,95,to
2019-01-11,96,pe
2019-01-12,454,la
2019-01-13,286,su
2019-01-14,19,ma
2019-01-15,35,ti
2019-01-16,46,ke
2019-01-17,49,to
2019-01-18,54,pe
2019-01-19,221,la
2019-01-20,248,su
2019-01-21,25,ma
2019-01-22,77,ti
2019-01-23,79,ke
2019-01-24,154,to
2019-01-25,68,pe
2019-01-26,188,la
2019-01-27,154,su
2019-01-28,61,ma
2019-01-29,77,ti
2019-01-30,36,ke
2019-01-31,91,to
2019-02-01,162,pe
2019-02-02,256,la
2019-02-03,94,su
2019-02-04,84,ma
2019-02-05,45,ti
2019-02-06,144,ke
2019-02-07,69,to
2019-02-08,86,pe
2019-02-09,177,la
2019-02-10,155,su
2019-02-11,41,ma
2019-02-12,192,ti
2019-02-13,109,ke
2019-02-14,185,to
2019-02-15,171,pe
2019-02-16,975,la
2019-02-17,1179,su
2019-02-18,565,ma
2019-02-19,239,ti
2019-02-20,383,ke
2019-02-21,693,to
2019-02-22,574,pe
2019-02-23,890,la
2019-02-24,909,su
2019-02-25,222,ma
2019-02-26,272,ti
2019-02-27,283,ke
2019-02-28,244,to
2019-03-01,326,pe
2019-03-02,907,la
2019-03-03,785,su
2019-03-04,155,ma
2019-03-05,118,ti
2019-03-06,264,ke
2019-03-07,261,to
2019-03-08,304,pe
2019-03-09,776,la
2019-03-10,728,su
2019-03-11,209,ma
2019-03-12,242,ti
2019-03-13,261,ke
2019-03-14,285,to
2019-03-15,174,pe
2019-03-16,337,la
2019-03-17,587,su
2019-03-18,73,ma
2019-03-19,193,ti
2019-03-20,177,ke
2019-03-21,312,to
2019-03-22,347,pe
2019-03-23,370,la
2019-03-24,1861,su
2019-03-25,134,ma
2019-03-26,352,ti
2019-03-27,364,ke
2019-03-28,318,to
2019-03-29,548,pe
2019-03-30,1469,la
2019-03-31,473,su
2019-04-01,189,ma
2019-04-02,261,ti
2019-04-03,477,ke
2019-04-04,380,to
2019-04-05,457,pe
2019-04-06,2019,la
2019-04-07,1877,su
2019-04-08,148,ma
2019-04-09,203,ti
2019-04-10,349,ke
2019-04-11,468,to
2019-04-12,638,pe
2019-04-13,1058,la
2019-04-14,747,su
2019-04-15,679,ma
2019-04-16,718,ti
2019-04-17,937,ke
2019-04-18,1055,to
2019-04-19,4565,pe
2019-04-20,4863,la
2019-04-21,4372,su
2019-04-22,3828,ma
2019-04-23,1423,ti
2019-04-24,1779,ke
2019-04-25,2392,to
2019-04-26,1061,pe
2019-04-27,3233,la
2019-04-28,1571,su
2019-04-29,1987,ma
2019-04-30,800,ti
2019-05-01,2848,ke
2019-05-02,457,to
2019-05-03,694,pe
2019-05-04,1132,la
2019-05-05,1493,su
2019-05-06,722,ma
2019-05-07,1184,ti
2019-05-08,1013,ke
2019-05-09,1247,to
2019-05-10,657,pe
2019-05-11,1278,la
2019-05-12,1972,su
2019-05-13,465,ma
2019-05-14,1082,ti
2019-05-15,1387,ke
2019-05-16,1587,to
2019-05-17,1591,pe
2019-05-18,4210,la
2019-05-19,3305,su
2019-05-20,1166,ma
2019-05-21,1639,ti
2019-05-22,1612,ke
2019-05-23,1721,to
2019-05-24,1180,pe
2019-05-25,1649,la
2019-05-26,461,su
2019-05-27,1596,ma
2019-05-28,2398,ti
2019-05-29,2290,ke
2019-05-30,4236,to
2019-05-31,1592,pe
2019-06-01,3187,la
2019-06-02,2076,su
2019-06-03,1677,ma
2019-06-04,1992,ti
2019-06-05,2495,ke
2019-06-06,2140,to
2019-06-07,1792,pe
2019-06-08,4133,la
2019-06-09,3001,su
2019-06-10,2067,ma
2019-06-11,3081,ti
2019-06-12,3318,ke
2019-06-13,1653,to
2019-06-14,1475,pe
2019-06-15,5677,la
2019-06-16,4331,su
2019-06-17,2777,ma
2019-06-18,2643,ti
2019-06-19,2394,ke
2019-06-20,1385,to
2019-06-21,2323,pe
2019-06-22,5251,la
2019-06-23,3259,su
2019-06-24,2597,ma
2019-06-25,4084,ti
2019-06-26,2521,ke
2019-06-27,930,to
2019-06-28,3690,pe
2019-06-29,5117,la
2019-06-30,4235,su
2019-07-01,4726,ma
2019-07-02,2284,ti
2019-07-03,2285,ke
2019-07-04,6163,to
2019-07-05,1712,pe
2019-07-06,3289,la
2019-07-07,3653,su
2019-07-08,3464,ma
2019-07-09,4277,ti
2019-07-10,7885,ke
2019-07-11,3995,to
2019-07-12,5033,pe
2019-07-13,7903,la
2019-07-14,5394,su
2019-07-15,5156,ma
2019-07-16,2315,ti
2019-07-17,6866,ke
2019-07-18,5638,to
2019-07-19,3903,pe
2019-07-20,5705,la
2019-07-21,4130,su
2019-07-22,4006,ma
2019-07-23,4752,ti
2019-07-24,3742,ke
2019-07-25,3572,to
2019-07-26,3005,pe
2019-07-27,3041,la
2019-07-28,1780,su
2019-07-29,3934,ma
2019-07-30,5161,ti
2019-07-31,4649,ke
2019-08-01,4189,to
2019-08-02,3786,pe
2019-08-03,5547,la
2019-08-04,3797,su
2019-08-05,3807,ma
2019-08-06,3280,ti
2019-08-07,1904,ke
2019-08-08,1896,to
2019-08-09,1724,pe
2019-08-10,5949,la
2019-08-11,842,su
2019-08-12,1339,ma
2019-08-13,1447,ti
2019-08-14,826,ke
2019-08-15,1207,to
2019-08-16,1607,pe
2019-08-17,7606,la
2019-08-18,3074,su
2019-08-19,563,ma
2019-08-20,1200,ti
2019-08-21,876,ke
2019-08-22,1028,to
2019-08-23,511,pe
2019-08-24,3703,la
2019-08-25,3205,su
2019-08-26,1025,ma
2019-08-27,1054,ti
2019-08-28,1277,ke
2019-08-29,1050,to
2019-08-30,900,pe
2019-08-31,3854,la
2019-09-01,2803,su
2019-09-02,452,ma
2019-09-03,452,ti
2019-09-04,304,ke
2019-09-05,390,to
2019-09-06,7284,pe
2019-09-07,1908,la
2019-09-08,1564,su
2019-09-09,214,ma
2019-09-10,687,ti
2019-09-11,1423,ke
2019-09-12,230,to
2019-09-13,8370,pe
2019-09-14,2370,la
2019-09-15,221,su
2019-09-16,263,ma
2019-09-17,265,ti
2019-09-18,352,ke
2019-09-19,421,to
2019-09-20,521,pe
2019-09-21,832,la
2019-09-22,1648,su
2019-09-23,351,ma
2019-09-24,271,ti
2019-09-25,338,ke
2019-09-26,292,to
2019-09-27,494,pe
2019-09-28,2169,la
2019-09-29,602,su
2019-09-30,159,ma
2019-10-01,342,ti
2019-10-02,986,ke
2019-10-03,222,to
2019-10-04,4274,pe
2019-10-05,902,la
2019-10-06,802,su
2019-10-07,300,ma
2019-10-08,257,ti
2019-10-09,539,ke
2019-10-10,217,to
2019-10-11,222,pe
2019-10-12,674,la
2019-10-13,1160,su
2019-10-14,108,ma
2019-10-15,1244,ti
2019-10-16,584,ke
2019-10-17,375,to
2019-10-18,839,pe
2019-10-19,539,la
2019-10-20,803,su
2019-10-21,348,ma
2019-10-22,231,ti
2019-10-23,404,ke
2019-10-24,510,to
2019-10-25,432,pe
2019-10-26,487,la
2019-10-27,312,su
2019-10-28,264,ma
2019-10-29,389,ti
2019-10-30,274,ke
2019-10-31,169,to
2019-11-01,397,pe
2019-11-02,819,la
2019-11-03,1119,su
2019-11-04,196,ma
2019-11-05,199,ti
2019-11-06,189,ke
2019-11-07,202,to
2019-11-08,161,pe
2019-11-09,309,la
2019-11-10,138,su
2019-11-11,102,ma
2019-11-12,159,ti
2019-11-13,183,ke
2019-11-14,120,to
2019-11-15,311,pe
2019-11-16,491,la
2019-11-17,399,su
2019-11-18,105,ma
2019-11-19,176,ti
2019-11-20,131,ke
2019-11-21,147,to
2019-11-22,170,pe
2019-11-23,476,la
2019-11-24,527,su
2019-11-25,68,ma
2019-11-26,302,ti
2019-11-27,47,ke
2019-11-28,153,to
2019-11-29,126,pe
2019-11-30,397,la
2019-12-01,365,su
2019-12-02,61,ma
2019-12-03,130,ti
2019-12-04,213,ke
2019-12-05,74,to
2019-12-06,182,pe
2019-12-07,129,la
2019-12-08,506,su
2019-12-09,121,ma
2019-12-10,99,ti
2019-12-11,111,ke
2019-12-12,90,to
2019-12-13,154,pe
2019-12-14,260,la
2019-12-15,132,su
2019-12-16,91,ma
2019-12-17,102,ti
2019-12-18,124,ke
2019-12-19,111,to
2019-12-20,77,pe
2019-12-21,218,la
2019-12-22,209,su
2019-12-23,196,ma
2019-12-24,174,ti
2019-12-25,1893,ke
2019-12-26,1946,to
2019-12-27,1304,pe
2019-12-28,2241,la
2019-12-29,1287,su
2019-12-30,1569,ma
2019-12-31,1533,ti
