date,rain_sum,temperature_2m_max
2017-12-31 21:00:00+00:00,2.7999997,3.1215
2018-01-01 21:00:00+00:00,3.8999996,4.7215
2018-01-02 21:00:00+00:00,3.2999997,3.9215
2018-01-03 21:00:00+00:00,2.2,2.6715
2018-01-04 21:00:00+00:00,7.9,3.6215
2018-01-05 21:00:00+00:00,3.0999997,2.7715
2018-01-06 21:00:00+00:00,0.0,-0.1285
2018-01-07 21:00:00+00:00,0.0,0.5715
2018-01-08 21:00:00+00:00,0.0,1.3715
2018-01-09 21:00:00+00:00,0.0,-2.1285
2018-01-10 21:00:00+00:00,0.0,-1.3785
2018-01-11 21:00:00+00:00,0.0,-1.0785
2018-01-12 21:00:00+00:00,0.0,-1.8785
2018-01-13 21:00:00+00:00,0.0,-1.6784999
2018-01-14 21:00:00+00:00,0.0,-4.1785
2018-01-15 21:00:00+00:00,0.0,-4.9785004
2018-01-16 21:00:00+00:00,0.0,-2.8285
2018-01-17 21:00:00+00:00,0.0,-1.9284999
2018-01-18 21:00:00+00:00,0.0,-0.4285
2018-01-19 21:00:00+00:00,0.0,-3.4785
2018-01-20 21:00:00+00:00,0.0,-5.5285
2018-01-21 21:00:00+00:00,0.0,-2.4785
2018-01-22 21:00:00+00:00,0.0,-0.5285
2018-01-23 21:00:00+00:00,0.4,3.3215
2018-01-24 21:00:00+00:00,7.8999996,4.3715
2018-01-25 21:00:00+00:00,0.4,3.6215
2018-01-26 21:00:00+00:00,1.0,2.9215
2018-01-27 21:00:00+00:00,0.3,1.0215
2018-01-28 21:00:00+00:00,0.099999994,0.7215
2018-01-29 21:00:00+00:00,0.0,-1.3785
2018-01-30 21:00:00+00:00,0.1,-1.4784999
2018-01-31 21:00:00+00:00,0.1,1.1215
2018-02-01 21:00:00+00:00,0.6,1.2214999
2018-02-02 21:00:00+00:00,0.0,-1.3285
2018-02-03 21:00:00+00:00,0.0,-6.9285
2018-02-04 21:00:00+00:00,0.0,-6.4285
2018-02-05 21:00:00+00:00,0.099999994,-6.4285
2018-02-06 21:00:00+00:00,0.0,-4.3285003
2018-02-07 21:00:00+00:00,0.0,-1.5285001
2018-02-08 21:00:00+00:00,0.0,-5.2285004
2018-02-09 21:00:00+00:00,0.0,-5.4785004
2018-02-10 21:00:00+00:00,0.1,-2.7784998
2018-02-11 21:00:00+00:00,0.0,-1.9784999
2018-02-12 21:00:00+00:00,0.0,0.3215
2018-02-13 21:00:00+00:00,0.0,0.3215
2018-02-14 21:00:00+00:00,0.0,-1.2284999
2018-02-15 21:00:00+00:00,0.0,-2.8285
2018-02-16 21:00:00+00:00,0.0,-3.8285
2018-02-17 21:00:00+00:00,0.0,-6.0285
2018-02-18 21:00:00+00:00,0.0,-6.7285004
2018-02-19 21:00:00+00:00,0.0,-7.0285
2018-02-20 21:00:00+00:00,0.0,-7.7285004
2018-02-21 21:00:00+00:00,0.0,-8.4285
2018-02-22 21:00:00+00:00,0.0,-8.1285
2018-02-23 21:00:00+00:00,0.0,-11.1285
2018-02-24 21:00:00+00:00,0.0,-7.1285
2018-02-25 21:00:00+00:00,0.0,-6.7785
2018-02-26 21:00:00+00:00,0.0,-12.8785
2018-02-27 21:00:00+00:00,0.0,-13.8785
2018-02-28 21:00:00+00:00,0.0,-9.778501
2018-03-01 21:00:00+00:00,0.0,-7.2785
2018-03-02 21:00:00+00:00,0.0,-7.0285
2018-03-03 21:00:00+00:00,0.0,-6.8785
2018-03-04 21:00:00+00:00,0.0,-5.0785003
2018-03-05 21:00:00+00:00,0.0,-4.5285
2018-03-06 21:00:00+00:00,0.0,-4.2285004
2018-03-07 21:00:00+00:00,0.0,-1.6285
2018-03-08 21:00:00+00:00,0.0,0.5715
2018-03-09 21:00:00+00:00,0.0,0.1715
2018-03-10 21:00:00+00:00,0.0,0.4215
2018-03-11 21:00:00+00:00,1.0,1.2715001
2018-03-12 21:00:00+00:00,4.999999,2.2215002
2018-03-13 21:00:00+00:00,0.5,1.6715
2018-03-14 21:00:00+00:00,0.0,-4.1785
2018-03-15 21:00:00+00:00,0.0,-5.0785003
2018-03-16 21:00:00+00:00,0.0,-3.3285
2018-03-17 21:00:00+00:00,0.0,1.3715
2018-03-18 21:00:00+00:00,0.0,1.3715
2018-03-19 21:00:00+00:00,0.1,-1.3285
2018-03-20 21:00:00+00:00,0.0,-0.5285
2018-03-21 21:00:00+00:00,0.0,1.1215
2018-03-22 21:00:00+00:00,0.0,-0.5785
2018-03-23 21:00:00+00:00,0.1,0.8715
2018-03-24 21:00:00+00:00,0.0,2.6215
2018-03-25 21:00:00+00:00,0.0,-0.6785
2018-03-26 21:00:00+00:00,0.0,-1.7284999
2018-03-27 21:00:00+00:00,0.0,0.4215
2018-03-28 21:00:00+00:00,0.0,-0.6785
2018-03-29 21:00:00+00:00,0.0,0.4715
2018-03-30 21:00:00+00:00,0.0,-0.028499998
2018-03-31 21:00:00+00:00,0.0,0.8715
2018-04-01 21:00:00+00:00,0.100000024,0.22150001
2018-04-02 21:00:00+00:00,0.0,2.3715
2018-04-03 21:00:00+00:00,3.2,3.4215
2018-04-04 21:00:00+00:00,1.5000001,5.4715
2018-04-05 21:00:00+00:00,1.4000001,3.7715
2018-04-06 21:00:00+00:00,0.1,5.5214996
2018-04-07 21:00:00+00:00,0.0,5.9715
2018-04-08 21:00:00+00:00,0.1,10.3215
2018-04-09 21:00:00+00:00,0.7,7.5214996
2018-04-10 21:00:00+00:00,0.0,4.5715
2018-04-11 21:00:00+00:00,0.0,5.9715
2018-04-12 21:00:00+00:00,0.0,6.3715
2018-04-13 21:00:00+00:00,0.0,8.971499
2018-04-14 21:00:00+00:00,0.2,9.1215
2018-04-15 21:00:00+00:00,3.5,9.6215
2018-04-16 21:00:00+00:00,0.0,10.1715
2018-04-17 21:00:00+00:00,0.0,12.4215
2018-04-18 21:00:00+00:00,1.8000002,15.0215
2018-04-19 21:00:00+00:00,0.0,10.9215
2018-04-20 21:00:00+00:00,3.1,12.2715
2018-04-21 21:00:00+00:00,1.4,6.2714996
2018-04-22 21:00:00+00:00,0.0,5.7714996
2018-04-23 21:00:00+00:00,1.7,7.8215
2018-04-24 21:00:00+00:00,1.8000002,6.8715
2018-04-25 21:00:00+00:00,1.5,8.5715
2018-04-26 21:00:00+00:00,0.0,8.721499
2018-04-27 21:00:00+00:00,0.0,8.971499
2018-04-28 21:00:00+00:00,4.8,7.1714997
2018-04-29 21:00:00+00:00,0.1,9.9215
2018-04-30 21:00:00+00:00,7.7999997,7.5214996
2018-05-01 21:00:00+00:00,1.9000001,8.8715
2018-05-02 21:00:00+00:00,2.0,10.5715
2018-05-03 21:00:00+00:00,4.7,9.221499
2018-05-04 21:00:00+00:00,0.0,11.6215
2018-05-05 21:00:00+00:00,0.0,13.1215
2018-05-06 21:00:00+00:00,0.0,13.5715
2018-05-07 21:00:00+00:00,0.0,12.7715
2018-05-08 21:00:00+00:00,0.0,12.3215
2018-05-09 21:00:00+00:00,0.0,13.2715
2018-05-10 21:00:00+00:00,0.0,15.5215
2018-05-11 21:00:00+00:00,0.0,17.771502
2018-05-12 21:00:00+00:00,0.0,21.6215
2018-05-13 21:00:00+00:00,0.0,19.521502
2018-05-14 21:00:00+00:00,0.0,23.0715
2018-05-15 21:00:00+00:00,0.0,19.671501
2018-05-16 21:00:00+00:00,0.0,19.921501
2018-05-17 21:00:00+00:00,5.3,17.3215
2018-05-18 21:00:00+00:00,0.0,17.7215
2018-05-19 21:00:00+00:00,0.0,16.8215
2018-05-20 21:00:00+00:00,0.0,19.671501
2018-05-21 21:00:00+00:00,0.0,20.3215
2018-05-22 21:00:00+00:00,0.0,23.171501
2018-05-23 21:00:00+00:00,0.0,18.771502
2018-05-24 21:00:00+00:00,0.0,17.421501
2018-05-25 21:00:00+00:00,0.0,20.021502
2018-05-26 21:00:00+00:00,0.0,21.2215
2018-05-27 21:00:00+00:00,0.0,18.7215
2018-05-28 21:00:00+00:00,0.0,22.921501
2018-05-29 21:00:00+00:00,0.0,22.771502
2018-05-30 21:00:00+00:00,0.0,17.3215
2018-05-31 21:00:00+00:00,0.3,19.0715
2018-06-01 21:00:00+00:00,1.7,22.0715
2018-06-02 21:00:00+00:00,0.0,24.4715
2018-06-03 21:00:00+00:00,0.4,19.271502
2018-06-04 21:00:00+00:00,0.4,11.7715
2018-06-05 21:00:00+00:00,0.6,13.8715
2018-06-06 21:00:00+00:00,0.0,15.1215
2018-06-07 21:00:00+00:00,0.0,14.5715
2018-06-08 21:00:00+00:00,0.0,17.271502
2018-06-09 21:00:00+00:00,0.3,16.521502
2018-06-10 21:00:00+00:00,0.3,22.171501
2018-06-11 21:00:00+00:00,4.9999995,20.921501
2018-06-12 21:00:00+00:00,0.0,17.2215
2018-06-13 21:00:00+00:00,0.0,17.671501
2018-06-14 21:00:00+00:00,0.0,19.5715
2018-06-15 21:00:00+00:00,0.0,18.671501
2018-06-16 21:00:00+00:00,0.0,20.521502
2018-06-17 21:00:00+00:00,0.1,19.6215
2018-06-18 21:00:00+00:00,6.0,17.021502
2018-06-19 21:00:00+00:00,0.2,19.6215
2018-06-20 21:00:00+00:00,1.7,15.7715
2018-06-21 21:00:00+00:00,13.1,15.5715
2018-06-22 21:00:00+00:00,1.8000001,15.8715
2018-06-23 21:00:00+00:00,0.4,17.1215
2018-06-24 21:00:00+00:00,2.6000001,16.2215
2018-06-25 21:00:00+00:00,0.0,18.921501
2018-06-26 21:00:00+00:00,0.0,19.921501
2018-06-27 21:00:00+00:00,0.0,20.271502
2018-06-28 21:00:00+00:00,6.7999997,16.271502
2018-06-29 21:00:00+00:00,0.0,17.3715
2018-06-30 21:00:00+00:00,0.0,18.921501
2018-07-01 21:00:00+00:00,0.5,15.1715
2018-07-02 21:00:00+00:00,6.2,14.221499
2018-07-03 21:00:00+00:00,0.7,17.521502
2018-07-04 21:00:00+00:00,9.799998,20.9715
2018-07-05 21:00:00+00:00,1.9000002,19.921501
2018-07-06 21:00:00+00:00,0.1,24.0715
2018-07-07 21:00:00+00:00,1.1,21.4715
2018-07-08 21:00:00+00:00,0.0,19.8215
2018-07-09 21:00:00+00:00,1.3000001,19.2215
2018-07-10 21:00:00+00:00,0.0,19.5715
2018-07-11 21:00:00+00:00,0.0,20.8715
2018-07-12 21:00:00+00:00,0.0,23.4715
2018-07-13 21:00:00+00:00,0.0,25.6215
2018-07-14 21:00:00+00:00,0.0,27.4715
2018-07-15 21:00:00+00:00,0.0,27.3715
2018-07-16 21:00:00+00:00,0.0,27.771502
2018-07-17 21:00:00+00:00,0.0,26.7215
2018-07-18 21:00:00+00:00,0.0,25.771502
2018-07-19 21:00:00+00:00,10.200002,23.021502
2018-07-20 21:00:00+00:00,5.099999,23.4715
2018-07-21 21:00:00+00:00,0.0,24.3215
2018-07-22 21:00:00+00:00,0.1,24.6215
2018-07-23 21:00:00+00:00,2.6,25.521502
2018-07-24 21:00:00+00:00,0.0,26.8215
2018-07-25 21:00:00+00:00,0.0,25.3715
2018-07-26 21:00:00+00:00,0.3,26.0715
2018-07-27 21:00:00+00:00,0.8000001,26.7215
2018-07-28 21:00:00+00:00,0.0,26.1215
2018-07-29 21:00:00+00:00,0.0,25.3715
2018-07-30 21:00:00+00:00,0.3,24.771502
2018-07-31 21:00:00+00:00,0.4,25.8715
2018-08-01 21:00:00+00:00,0.4,27.921501
2018-08-02 21:00:00+00:00,0.1,27.8715
2018-08-03 21:00:00+00:00,0.0,25.6215
2018-08-04 21:00:00+00:00,0.6,23.6215
2018-08-05 21:00:00+00:00,0.1,21.271502
2018-08-06 21:00:00+00:00,0.2,23.0715
2018-08-07 21:00:00+00:00,0.0,22.271502
2018-08-08 21:00:00+00:00,0.0,26.3215
2018-08-09 21:00:00+00:00,1.2,26.9715
2018-08-10 21:00:00+00:00,0.0,22.1215
2018-08-11 21:00:00+00:00,12.500002,17.921501
2018-08-12 21:00:00+00:00,0.0,19.8215
2018-08-13 21:00:00+00:00,0.70000005,18.3715
2018-08-14 21:00:00+00:00,0.90000004,18.6215
2018-08-15 21:00:00+00:00,0.1,19.7215
2018-08-16 21:00:00+00:00,0.0,22.521502
2018-08-17 21:00:00+00:00,0.4,22.021502
2018-08-18 21:00:00+00:00,7.7,20.771502
2018-08-19 21:00:00+00:00,14.799999,18.5715
2018-08-20 21:00:00+00:00,2.9999995,17.9715
2018-08-21 21:00:00+00:00,0.0,18.4715
2018-08-22 21:00:00+00:00,0.5,20.3215
2018-08-23 21:00:00+00:00,2.2,21.771502
2018-08-24 21:00:00+00:00,5.3999996,18.671501
2018-08-25 21:00:00+00:00,6.7,17.7215
2018-08-26 21:00:00+00:00,0.2,17.6215
2018-08-27 21:00:00+00:00,0.0,17.671501
2018-08-28 21:00:00+00:00,0.0,19.0715
2018-08-29 21:00:00+00:00,1.1,17.4715
2018-08-30 21:00:00+00:00,0.0,17.9715
2018-08-31 21:00:00+00:00,0.70000005,18.4715
2018-09-01 21:00:00+00:00,1.6000001,19.521502
2018-09-02 21:00:00+00:00,0.0,18.521502
2018-09-03 21:00:00+00:00,0.3,19.4715
2018-09-04 21:00:00+00:00,0.4,19.521502
2018-09-05 21:00:00+00:00,3.3999999,19.021502
2018-09-06 21:00:00+00:00,0.0,20.521502
2018-09-07 21:00:00+00:00,0.0,21.271502
2018-09-08 21:00:00+00:00,1.0,19.421501
2018-09-09 21:00:00+00:00,17.2,17.521502
2018-09-10 21:00:00+00:00,7.6,17.6215
2018-09-11 21:00:00+00:00,11.400001,16.8215
2018-09-12 21:00:00+00:00,0.0,16.9715
2018-09-13 21:00:00+00:00,2.9999993,15.221499
2018-09-14 21:00:00+00:00,16.599998,14.3215
2018-09-15 21:00:00+00:00,1.0,15.5215
2018-09-16 21:00:00+00:00,13.7,14.721499
2018-09-17 21:00:00+00:00,0.2,15.721499
2018-09-18 21:00:00+00:00,0.0,18.7215
2018-09-19 21:00:00+00:00,1.2,18.3715
2018-09-20 21:00:00+00:00,1.1,20.0715
2018-09-21 21:00:00+00:00,2.6999998,20.1215
2018-09-22 21:00:00+00:00,0.8,13.2715
2018-09-23 21:00:00+00:00,1.0,11.9215
2018-09-24 21:00:00+00:00,0.0,11.0215
2018-09-25 21:00:00+00:00,5.2999997,11.3215
2018-09-26 21:00:00+00:00,0.0,12.1715
2018-09-27 21:00:00+00:00,1.3000001,10.9215
2018-09-28 21:00:00+00:00,1.0,10.0215
2018-09-29 21:00:00+00:00,4.0999994,12.721499
2018-09-30 21:00:00+00:00,0.1,12.6215
2018-10-01 21:00:00+00:00,2.6,10.8715
2018-10-02 21:00:00+00:00,10.300001,7.2714996
2018-10-03 21:00:00+00:00,0.0,7.1714997
2018-10-04 21:00:00+00:00,2.9999998,12.6215
2018-10-05 21:00:00+00:00,0.0,11.8215
2018-10-06 21:00:00+00:00,1.0,8.3215
2018-10-07 21:00:00+00:00,3.9000003,10.5715
2018-10-08 21:00:00+00:00,2.2,13.0215
2018-10-09 21:00:00+00:00,0.1,15.5715
2018-10-10 21:00:00+00:00,0.0,12.8215
2018-10-11 21:00:00+00:00,0.0,12.4215
2018-10-12 21:00:00+00:00,0.0,14.4215
2018-10-13 21:00:00+00:00,0.0,14.6715
2018-10-14 21:00:00+00:00,0.0,14.5215
2018-10-15 21:00:00+00:00,0.0,16.0715
2018-10-16 21:00:00+00:00,0.0,12.3215
2018-10-17 21:00:00+00:00,5.9000006,13.0215
2018-10-18 21:00:00+00:00,0.0,10.5715
2018-10-19 21:00:00+00:00,0.4,8.721499
2018-10-20 21:00:00+00:00,0.2,10.8715
2018-10-21 21:00:00+00:00,3.8,11.471499
2018-10-22 21:00:00+00:00,7.2,7.6215
2018-10-23 21:00:00+00:00,3.3,6.1215
2018-10-24 21:00:00+00:00,1.1,5.5715
2018-10-25 21:00:00+00:00,1.9000001,3.0715
2018-10-26 21:00:00+00:00,0.3,2.5715
2018-10-27 21:00:00+00:00,0.0,2.4715002
2018-10-28 21:00:00+00:00,0.20000002,3.2715
2018-10-29 21:00:00+00:00,1.8000002,5.2714996
2018-10-30 21:00:00+00:00,2.2,10.1215
2018-10-31 21:00:00+00:00,0.4,9.8215
2018-11-01 21:00:00+00:00,3.3,10.5215
2018-11-02 21:00:00+00:00,0.6,9.6715
2018-11-03 21:00:00+00:00,0.0,9.4215
2018-11-04 21:00:00+00:00,0.0,7.6215
2018-11-05 21:00:00+00:00,0.1,8.4215
2018-11-06 21:00:00+00:00,0.0,8.971499
2018-11-07 21:00:00+00:00,0.0,7.8215
2018-11-08 21:00:00+00:00,0.3,6.4715
2018-11-09 21:00:00+00:00,2.8999994,6.5214996
2018-11-10 21:00:00+00:00,4.2999997,5.8215
2018-11-11 21:00:00+00:00,6.3,5.2714996
2018-11-12 21:00:00+00:00,12.1,6.7714996
2018-11-13 21:00:00+00:00,0.0,7.4214997
2018-11-14 21:00:00+00:00,0.0,8.2715
2018-11-15 21:00:00+00:00,0.4,9.2715
2018-11-16 21:00:00+00:00,0.0,8.2715
2018-11-17 21:00:00+00:00,0.0,6.2215
2018-11-18 21:00:00+00:00,0.0,1.8715
2018-11-19 21:00:00+00:00,0.0,1.5715001
2018-11-20 21:00:00+00:00,0.0,0.9715
2018-11-21 21:00:00+00:00,0.0,1.2214999
2018-11-22 21:00:00+00:00,0.0,2.5715
2018-11-23 21:00:00+00:00,0.0,1.5715001
2018-11-24 21:00:00+00:00,0.0,-1.1784999
2018-11-25 21:00:00+00:00,0.0,-0.22850001
2018-11-26 21:00:00+00:00,0.0,-2.3785
2018-11-27 21:00:00+00:00,0.0,1.2715001
2018-11-28 21:00:00+00:00,0.2,2.2715
2018-11-29 21:00:00+00:00,0.0,1.8215001
2018-11-30 21:00:00+00:00,0.0,1.3715
2018-12-01 21:00:00+00:00,0.0,-0.7285
2018-12-02 21:00:00+00:00,0.0,0.7215
2018-12-03 21:00:00+00:00,7.9,5.4715
2018-12-04 21:00:00+00:00,1.6000001,4.9214997
2018-12-05 21:00:00+00:00,0.0,0.8715
2018-12-06 21:00:00+00:00,0.8000001,2.6715
2018-12-07 21:00:00+00:00,5.3,5.2714996
2018-12-08 21:00:00+00:00,2.3,5.0214996
2018-12-09 21:00:00+00:00,4.0999994,3.0715
2018-12-10 21:00:00+00:00,0.5,1.9714999
2018-12-11 21:00:00+00:00,0.0,0.6715
2018-12-12 21:00:00+00:00,0.0,0.0715
2018-12-13 21:00:00+00:00,0.0,-2.3285
2018-12-14 21:00:00+00:00,0.0,-2.6785
2018-12-15 21:00:00+00:00,0.0,-0.1285
2018-12-16 21:00:00+00:00,0.1,0.37150002
2018-12-17 21:00:00+00:00,0.1,1.1715
2018-12-18 21:00:00+00:00,0.5,0.9215
2018-12-19 21:00:00+00:00,0.0,-0.7785
2018-12-20 21:00:00+00:00,0.1,-2.4285
2018-12-21 21:00:00+00:00,0.0,-5.3285003
2018-12-22 21:00:00+00:00,0.0,-7.2285004
2018-12-23 21:00:00+00:00,0.0,-7.9285
2018-12-24 21:00:00+00:00,1.5,2.4215
2018-12-25 21:00:00+00:00,0.0,3.2215002
2018-12-26 21:00:00+00:00,0.0,1.6715
2018-12-27 21:00:00+00:00,0.0,0.6215
2018-12-28 21:00:00+00:00,0.0,3.2215002
2018-12-29 21:00:00+00:00,0.0,-0.3285
2018-12-30 21:00:00+00:00,0.0,0.22150001
2018-12-31 21:00:00+00:00,5.0000005,4.1215
2019-01-01 21:00:00+00:00,0.4,1.1715
2019-01-02 21:00:00+00:00,0.0,-7.0285
2019-01-03 21:00:00+00:00,0.6,1.5715001
2019-01-04 21:00:00+00:00,0.0,-1.9784999
2019-01-05 21:00:00+00:00,0.0,0.7215
2019-01-06 21:00:00+00:00,2.3999999,1.9215
2019-01-07 21:00:00+00:00,2.3999999,1.3215001
2019-01-08 21:00:00+00:00,0.099999994,-0.4285
2019-01-09 21:00:00+00:00,0.0,-0.8785
2019-01-10 21:00:00+00:00,0.2,1.6715
2019-01-11 21:00:00+00:00,0.0,1.0715001
2019-01-12 21:00:00+00:00,0.0,0.3215
2019-01-13 21:00:00+00:00,0.100000024,-0.2785
2019-01-14 21:00:00+00:00,0.0,-3.6285
2019-01-15 21:00:00+00:00,0.1,-3.5284998
2019-01-16 21:00:00+00:00,0.0,-1.0785
2019-01-17 21:00:00+00:00,0.0,-6.9785004
2019-01-18 21:00:00+00:00,0.0,-1.0285001
2019-01-19 21:00:00+00:00,0.0,-3.3285
2019-01-20 21:00:00+00:00,0.0,-11.1785
2019-01-21 21:00:00+00:00,0.0,-6.0285
2019-01-22 21:00:00+00:00,0.0,-0.4285
2019-01-23 21:00:00+00:00,0.0,-2.3285
2019-01-24 21:00:00+00:00,0.0,-3.1785
2019-01-25 21:00:00+00:00,0.0,-6.3285003
2019-01-26 21:00:00+00:00,0.0,-11.3785
2019-01-27 21:00:00+00:00,0.0,-5.1785
2019-01-28 21:00:00+00:00,0.0,-3.9785001
2019-01-29 21:00:00+00:00,0.1,-0.1785
2019-01-30 21:00:00+00:00,0.1,-0.5285
2019-01-31 21:00:00+00:00,0.0,-1.4284999
2019-02-01 21:00:00+00:00,0.0,-3.0785
2019-02-02 21:00:00+00:00,0.5,1.6715
2019-02-03 21:00:00+00:00,0.0,-0.1785
2019-02-04 21:00:00+00:00,0.0,0.6715
2019-02-05 21:00:00+00:00,0.0,-0.7285
2019-02-06 21:00:00+00:00,0.099999994,1.0715001
2019-02-07 21:00:00+00:00,2.3,2.5215
2019-02-08 21:00:00+00:00,2.5,2.3715
2019-02-09 21:00:00+00:00,3.8999999,2.7215002
2019-02-10 21:00:00+00:00,2.5999994,2.1715
2019-02-11 21:00:00+00:00,0.099999964,0.9215
2019-02-12 21:00:00+00:00,0.1,0.3215
2019-02-13 21:00:00+00:00,0.0,2.5715
2019-02-14 21:00:00+00:00,0.0,5.7714996
2019-02-15 21:00:00+00:00,0.0,4.1215
2019-02-16 21:00:00+00:00,0.0,2.5215
2019-02-17 21:00:00+00:00,0.0,2.4715002
2019-02-18 21:00:00+00:00,4.7000003,2.4715002
2019-02-19 21:00:00+00:00,0.6,1.9714999
2019-02-20 21:00:00+00:00,0.0,-5.3785
2019-02-21 21:00:00+00:00,0.0,-4.5785003
2019-02-22 21:00:00+00:00,0.7,3.0715
2019-02-23 21:00:00+00:00,0.0,3.8215
2019-02-24 21:00:00+00:00,0.0,5.2714996
2019-02-25 21:00:00+00:00,0.6999999,3.9215
2019-02-26 21:00:00+00:00,0.0,4.7215
2019-02-27 21:00:00+00:00,0.2,3.6215
2019-02-28 21:00:00+00:00,0.0,-3.0785
2019-03-01 21:00:00+00:00,0.0,1.4215
2019-03-02 21:00:00+00:00,0.0,-2.3285
2019-03-03 21:00:00+00:00,0.0,-1.9284999
2019-03-04 21:00:00+00:00,0.0,-1.9784999
2019-03-05 21:00:00+00:00,0.0,-3.2285
2019-03-06 21:00:00+00:00,0.3,1.0215
2019-03-07 21:00:00+00:00,5.1,3.2715
2019-03-08 21:00:00+00:00,1.1000001,2.0215
2019-03-09 21:00:00+00:00,0.20000002,0.8715
2019-03-10 21:00:00+00:00,0.0,-3.7285
2019-03-11 21:00:00+00:00,0.0,-2.0284998
2019-03-12 21:00:00+00:00,0.0,-0.97849995
2019-03-13 21:00:00+00:00,1.3,2.4215
2019-03-14 21:00:00+00:00,3.1000001,2.0715
2019-03-15 21:00:00+00:00,3.7,1.9714999
2019-03-16 21:00:00+00:00,2.9,2.4215
2019-03-17 21:00:00+00:00,5.6,3.2215002
2019-03-18 21:00:00+00:00,1.8000002,2.5215
2019-03-19 21:00:00+00:00,0.2,1.8715
2019-03-20 21:00:00+00:00,0.9000001,3.5215
2019-03-21 21:00:00+00:00,0.1,5.0214996
2019-03-22 21:00:00+00:00,1.8,3.4715002
2019-03-23 21:00:00+00:00,0.0,5.6714997
2019-03-24 21:00:00+00:00,0.70000005,4.3715
2019-03-25 21:00:00+00:00,0.0,2.8215
2019-03-26 21:00:00+00:00,0.0,1.3715
2019-03-27 21:00:00+00:00,0.0,6.3715
2019-03-28 21:00:00+00:00,0.0,10.0215
2019-03-29 21:00:00+00:00,0.0,8.6215
2019-03-30 21:00:00+00:00,4.7999997,3.4215
2019-03-31 21:00:00+00:00,0.0,6.7714996
2019-04-01 21:00:00+00:00,0.0,4.9715
2019-04-02 21:00:00+00:00,0.0,8.4215
2019-04-03 21:00:00+00:00,0.0,9.6215
2019-04-04 21:00:00+00:00,0.0,8.9215
2019-04-05 21:00:00+00:00,0.0,8.471499
2019-04-06 21:00:00+00:00,0.0,10.0715
2019-04-07 21:00:00+00:00,2.3999999,5.1714997
2019-04-08 21:00:00+00:00,3.5999994,3.6215
2019-04-09 21:00:00+00:00,0.0,2.1715
2019-04-10 21:00:00+00:00,0.0,3.1215
2019-04-11 21:00:00+00:00,0.0,4.5214996
2019-04-12 21:00:00+00:00,0.0,6.5715
2019-04-13 21:00:00+00:00,0.0,7.1714997
2019-04-14 21:00:00+00:00,0.0,8.1215
2019-04-15 21:00:00+00:00,0.0,10.971499
2019-04-16 21:00:00+00:00,0.0,9.2715
2019-04-17 21:00:00+00:00,0.0,12.1215
2019-04-18 21:00:00+00:00,0.0,15.7715
2019-04-19 21:00:00+00:00,0.0,11.9215
2019-04-20 21:00:00+00:00,0.0,8.0715
2019-04-21 21:00:00+00:00,0.0,12.3215
2019-04-22 21:00:00+00:00,0.0,14.8715
2019-04-23 21:00:00+00:00,0.0,15.221499
2019-04-24 21:00:00+00:00,0.1,15.3715
2019-04-25 21:00:00+00:00,3.0,14.0715
2019-04-26 21:00:00+00:00,0.3,16.171501
2019-04-27 21:00:00+00:00,0.0,10.1215
2019-04-28 21:00:00+00:00,0.0,8.5215
2019-04-29 21:00:00+00:00,0.0,8.9215
2019-04-30 21:00:00+00:00,2.4,12.3715
2019-05-01 21:00:00+00:00,10.7,6.9214997
2019-05-02 21:00:00+00:00,0.0,4.3715
2019-05-03 21:00:00+00:00,2.0,5.1215
2019-05-04 21:00:00+00:00,0.6,7.3715
2019-05-05 21:00:00+00:00,0.0,8.9215
2019-05-06 21:00:00+00:00,0.0,8.6215
2019-05-07 21:00:00+00:00,0.3,9.3215
2019-05-08 21:00:00+00:00,0.0,11.8715
2019-05-09 21:00:00+00:00,4.2999997,10.3215
2019-05-10 21:00:00+00:00,18.6,13.971499
2019-05-11 21:00:00+00:00,2.0,11.3215
2019-05-12 21:00:00+00:00,0.1,10.9215
2019-05-13 21:00:00+00:00,0.0,12.6215
2019-05-14 21:00:00+00:00,0.0,12.0715
2019-05-15 21:00:00+00:00,0.0,14.1215
2019-05-16 21:00:00+00:00,0.0,16.171501
2019-05-17 21:00:00+00:00,0.0,17.8215
2019-05-18 21:00:00+00:00,0.0,19.671501
2019-05-19 21:00:00+00:00,0.3,21.3715
2019-05-20 21:00:00+00:00,0.0,21.271502
2019-05-21 21:00:00+00:00,0.0,17.521502
2019-05-22 21:00:00+00:00,0.9000001,15.0715
2019-05-23 21:00:00+00:00,7.9,10.6215
2019-05-24 21:00:00+00:00,3.7999997,12.6715
2019-05-25 21:00:00+00:00,12.499999,11.1215
2019-05-26 21:00:00+00:00,0.8,11.8715
2019-05-27 21:00:00+00:00,1.0,14.7715
2019-05-28 21:00:00+00:00,6.6,15.1715
2019-05-29 21:00:00+00:00,0.0,14.2715
2019-05-30 21:00:00+00:00,2.7,14.6715
2019-05-31 21:00:00+00:00,1.0,14.8215
2019-06-01 21:00:00+00:00,5.4999995,15.6215
2019-06-02 21:00:00+00:00,1.0,15.0715
2019-06-03 21:00:00+00:00,0.0,20.3215
2019-06-04 21:00:00+00:00,0.0,20.4715
2019-06-05 21:00:00+00:00,0.0,22.421501
2019-06-06 21:00:00+00:00,0.0,22.8215
2019-06-07 21:00:00+00:00,0.0,22.7215
2019-06-08 21:00:00+00:00,0.90000004,19.1215
2019-06-09 21:00:00+00:00,0.0,17.1215
2019-06-10 21:00:00+00:00,0.0,19.5715
2019-06-11 21:00:00+00:00,0.1,17.521502
2019-06-12 21:00:00+00:00,6.2999997,16.8215
2019-06-13 21:00:00+00:00,1.4000001,16.421501
2019-06-14 21:00:00+00:00,1.2,20.421501
2019-06-15 21:00:00+00:00,0.0,20.7215
2019-06-16 21:00:00+00:00,0.3,21.271502
2019-06-17 21:00:00+00:00,0.0,21.3215
2019-06-18 21:00:00+00:00,0.0,20.521502
2019-06-19 21:00:00+00:00,0.1,21.921501
2019-06-20 21:00:00+00:00,0.6,21.771502
2019-06-21 21:00:00+00:00,0.4,18.6215
2019-06-22 21:00:00+00:00,0.1,18.4715
2019-06-23 21:00:00+00:00,0.0,21.921501
2019-06-24 21:00:00+00:00,0.1,19.4715
2019-06-25 21:00:00+00:00,4.1,16.9715
2019-06-26 21:00:00+00:00,5.2,19.271502
2019-06-27 21:00:00+00:00,0.3,20.2215
2019-06-28 21:00:00+00:00,0.0,20.271502
2019-06-29 21:00:00+00:00,0.0,20.7215
2019-06-30 21:00:00+00:00,0.90000004,22.171501
2019-07-01 21:00:00+00:00,7.299999,18.5715
2019-07-02 21:00:00+00:00,3.9,18.3215
2019-07-03 21:00:00+00:00,0.3,16.8215
2019-07-04 21:00:00+00:00,22.6,14.7715
2019-07-05 21:00:00+00:00,17.0,17.421501
2019-07-06 21:00:00+00:00,4.0,16.1215
2019-07-07 21:00:00+00:00,9.899999,19.1215
2019-07-08 21:00:00+00:00,2.1000001,15.0215
2019-07-09 21:00:00+00:00,0.5,19.3715
2019-07-10 21:00:00+00:00,2.9,13.7715
2019-07-11 21:00:00+00:00,0.2,17.671501
2019-07-12 21:00:00+00:00,0.5,18.671501
2019-07-13 21:00:00+00:00,0.1,16.6215
2019-07-14 21:00:00+00:00,1.0,18.2215
2019-07-15 21:00:00+00:00,5.699999,18.271502
2019-07-16 21:00:00+00:00,0.0,20.3715
2019-07-17 21:00:00+00:00,0.0,22.6215
2019-07-18 21:00:00+00:00,0.0,23.521502
2019-07-19 21:00:00+00:00,0.1,23.3715
2019-07-20 21:00:00+00:00,0.0,22.5715
2019-07-21 21:00:00+00:00,2.1000001,21.5715
2019-07-22 21:00:00+00:00,0.1,24.2215
2019-07-23 21:00:00+00:00,0.0,27.771502
2019-07-24 21:00:00+00:00,0.0,22.8215
2019-07-25 21:00:00+00:00,0.0,24.3715
2019-07-26 21:00:00+00:00,0.0,26.6215
2019-07-27 21:00:00+00:00,0.70000005,31.3215
2019-07-28 21:00:00+00:00,0.0,19.021502
2019-07-29 21:00:00+00:00,0.5,16.5715
2019-07-30 21:00:00+00:00,0.0,20.921501
2019-07-31 21:00:00+00:00,0.0,17.921501
2019-08-01 21:00:00+00:00,0.1,20.1215
2019-08-02 21:00:00+00:00,0.3,16.9715
2019-08-03 21:00:00+00:00,0.0,17.271502
2019-08-04 21:00:00+00:00,0.0,21.271502
2019-08-05 21:00:00+00:00,1.3,18.9715
2019-08-06 21:00:00+00:00,8.800002,17.771502
2019-08-07 21:00:00+00:00,0.4,19.1215
2019-08-08 21:00:00+00:00,6.2,19.9715
2019-08-09 21:00:00+00:00,0.0,20.521502
2019-08-10 21:00:00+00:00,8.199999,18.7215
2019-08-11 21:00:00+00:00,0.8000001,19.8715
2019-08-12 21:00:00+00:00,0.4,19.5715
2019-08-13 21:00:00+00:00,7.5999994,18.5715
2019-08-14 21:00:00+00:00,0.2,19.421501
2019-08-15 21:00:00+00:00,0.2,18.671501
2019-08-16 21:00:00+00:00,0.2,20.3215
2019-08-17 21:00:00+00:00,0.0,19.8215
2019-08-18 21:00:00+00:00,5.5,19.5715
2019-08-19 21:00:00+00:00,0.4,19.5715
2019-08-20 21:00:00+00:00,1.8000001,17.9715
2019-08-21 21:00:00+00:00,0.5,20.2215
2019-08-22 21:00:00+00:00,13.3,18.2215
2019-08-23 21:00:00+00:00,0.2,20.5715
2019-08-24 21:00:00+00:00,0.0,18.521502
2019-08-25 21:00:00+00:00,0.0,21.1215
2019-08-26 21:00:00+00:00,0.0,19.921501
2019-08-27 21:00:00+00:00,0.0,21.521502
2019-08-28 21:00:00+00:00,0.0,21.3715
2019-08-29 21:00:00+00:00,7.6999993,20.7215
2019-08-30 21:00:00+00:00,0.0,19.9715
2019-08-31 21:00:00+00:00,0.0,19.8215
2019-09-01 21:00:00+00:00,6.4,21.1215
2019-09-02 21:00:00+00:00,0.0,17.671501
2019-09-03 21:00:00+00:00,1.5000002,17.9715
2019-09-04 21:00:00+00:00,5.5,19.2215
2019-09-05 21:00:00+00:00,4.7,16.4715
2019-09-06 21:00:00+00:00,2.0,16.7215
2019-09-07 21:00:00+00:00,0.6,17.771502
2019-09-08 21:00:00+00:00,7.8,18.5715
2019-09-09 21:00:00+00:00,0.0,20.9715
2019-09-10 21:00:00+00:00,9.400001,18.021502
2019-09-11 21:00:00+00:00,7.0000005,15.8215
2019-09-12 21:00:00+00:00,3.2,15.221499
2019-09-13 21:00:00+00:00,0.0,14.5215
2019-09-14 21:00:00+00:00,17.4,13.0715
2019-09-15 21:00:00+00:00,0.3,13.4215
2019-09-16 21:00:00+00:00,0.6,12.4215
2019-09-17 21:00:00+00:00,0.0,12.0715
2019-09-18 21:00:00+00:00,0.2,11.5215
2019-09-19 21:00:00+00:00,0.1,11.3215
2019-09-20 21:00:00+00:00,2.1999998,11.5215
2019-09-21 21:00:00+00:00,0.1,10.3715
2019-09-22 21:00:00+00:00,0.1,9.3715
2019-09-23 21:00:00+00:00,3.1000004,9.971499
2019-09-24 21:00:00+00:00,3.6000001,8.471499
2019-09-25 21:00:00+00:00,0.1,12.1715
2019-09-26 21:00:00+00:00,0.1,12.5215
2019-09-27 21:00:00+00:00,0.0,12.6715
2019-09-28 21:00:00+00:00,3.8999999,13.3215
2019-09-29 21:00:00+00:00,2.3999999,13.4215
2019-09-30 21:00:00+00:00,7.4,11.5715
2019-10-01 21:00:00+00:00,3.2,9.5715
2019-10-02 21:00:00+00:00,1.7000002,6.5715
2019-10-03 21:00:00+00:00,1.9000001,4.9214997
2019-10-04 21:00:00+00:00,0.0,5.3715
2019-10-05 21:00:00+00:00,0.4,7.1215
2019-10-06 21:00:00+00:00,0.4,6.6714997
2019-10-07 21:00:00+00:00,0.0,6.8215
2019-10-08 21:00:00+00:00,0.4,6.9214997
2019-10-09 21:00:00+00:00,3.4999995,9.3715
2019-10-10 21:00:00+00:00,3.2,10.6215
2019-10-11 21:00:00+00:00,13.300001,11.221499
2019-10-12 21:00:00+00:00,1.3000001,11.0715
2019-10-13 21:00:00+00:00,7.9,7.8215
2019-10-14 21:00:00+00:00,0.70000005,7.1215
2019-10-15 21:00:00+00:00,1.4000002,8.471499
2019-10-16 21:00:00+00:00,4.799999,5.9715
2019-10-17 21:00:00+00:00,1.4000002,10.4215
2019-10-18 21:00:00+00:00,4.2000003,11.6215
2019-10-19 21:00:00+00:00,12.0,10.4215
2019-10-20 21:00:00+00:00,0.5,10.221499
2019-10-21 21:00:00+00:00,0.70000005,11.1215
2019-10-22 21:00:00+00:00,0.0,11.0215
2019-10-23 21:00:00+00:00,0.1,11.5215
2019-10-24 21:00:00+00:00,2.8,11.8715
2019-10-25 21:00:00+00:00,10.900001,10.0215
2019-10-26 21:00:00+00:00,6.4999995,4.8715
2019-10-27 21:00:00+00:00,1.2000002,2.4715002
2019-10-28 21:00:00+00:00,0.0,1.8715
2019-10-29 21:00:00+00:00,0.0,2.3215
2019-10-30 21:00:00+00:00,0.4,4.6714997
2019-10-31 21:00:00+00:00,0.0,3.8715
2019-11-01 21:00:00+00:00,7.7000003,5.6714997
2019-11-02 21:00:00+00:00,0.6,4.9214997
2019-11-03 21:00:00+00:00,0.0,2.4215
2019-11-04 21:00:00+00:00,0.0,1.3715
2019-11-05 21:00:00+00:00,0.0,-0.028499998
2019-11-06 21:00:00+00:00,0.1,1.6715
2019-11-07 21:00:00+00:00,1.4,5.0715
2019-11-08 21:00:00+00:00,1.7000002,6.6215
2019-11-09 21:00:00+00:00,10.9,8.3715
2019-11-10 21:00:00+00:00,0.0,5.6215
2019-11-11 21:00:00+00:00,2.9,5.4715
2019-11-12 21:00:00+00:00,21.099998,7.5214996
2019-11-13 21:00:00+00:00,6.1,9.8215
2019-11-14 21:00:00+00:00,0.0,4.8215
2019-11-15 21:00:00+00:00,0.2,4.9214997
2019-11-16 21:00:00+00:00,5.6999993,8.3215
2019-11-17 21:00:00+00:00,0.5,7.4214997
2019-11-18 21:00:00+00:00,1.5000002,7.4214997
2019-11-19 21:00:00+00:00,0.0,6.2215
2019-11-20 21:00:00+00:00,0.0,5.1714997
2019-11-21 21:00:00+00:00,0.2,4.8215
2019-11-22 21:00:00+00:00,0.0,1.0215
2019-11-23 21:00:00+00:00,0.0,0.4215
2019-11-24 21:00:00+00:00,0.0,0.9715
2019-11-25 21:00:00+00:00,0.3,1.8715
2019-11-26 21:00:00+00:00,7.8,3.0215
2019-11-27 21:00:00+00:00,10.200002,3.8215
2019-11-28 21:00:00+00:00,10.4,4.9715
2019-11-29 21:00:00+00:00,0.0,-0.8785
2019-11-30 21:00:00+00:00,0.0,0.5715
2019-12-01 21:00:00+00:00,0.0,-0.22850001
2019-12-02 21:00:00+00:00,0.0,1.6715
2019-12-03 21:00:00+00:00,0.8,4.3215
2019-12-04 21:00:00+00:00,0.0,6.5214996
2019-12-05 21:00:00+00:00,5.6000004,6.5214996
2019-12-06 21:00:00+00:00,6.6999984,6.3215
2019-12-07 21:00:00+00:00,4.7999997,5.1215
2019-12-08 21:00:00+00:00,4.299999,7.0715
2019-12-09 21:00:00+00:00,1.5999999,4.9715
2019-12-10 21:00:00+00:00,1.0,2.4715002
2019-12-11 21:00:00+00:00,1.2,2.5715
2019-12-12 21:00:00+00:00,1.3000002,2.8715
2019-12-13 21:00:00+00:00,1.5000001,3.1215
2019-12-14 21:00:00+00:00,4.2000003,3.2215002
2019-12-15 21:00:00+00:00,1.2,3.9715002
2019-12-16 21:00:00+00:00,5.6,4.7714996
2019-12-17 21:00:00+00:00,17.800005,6.2215
2019-12-18 21:00:00+00:00,0.1,2.0715
2019-12-19 21:00:00+00:00,1.0000001,3.9215
2019-12-20 21:00:00+00:00,0.90000004,3.9715002
2019-12-21 21:00:00+00:00,1.8000001,4.9214997
2019-12-22 21:00:00+00:00,0.0,4.5214996
2019-12-23 21:00:00+00:00,1.7,2.5715
2019-12-24 21:00:00+00:00,2.8999999,1.3715
2019-12-25 21:00:00+00:00,0.0,0.9715
2019-12-26 21:00:00+00:00,0.0,0.22150001
2019-12-27 21:00:00+00:00,0.0,-2.8285
2019-12-28 21:00:00+00:00,1.1,4.5214996
2019-12-29 21:00:00+00:00,0.3,5.5214996
2019-12-30 21:00:00+00:00,0.0,3.4215
2019-12-31 21:00:00+00:00,0.0,2.6715
2020-01-01 21:00:00+00:00,0.0,4.2215
2020-01-02 21:00:00+00:00,2.4,5.1215
2020-01-03 21:00:00+00:00,0.0,2.4715002
2020-01-04 21:00:00+00:00,0.0,0.8215
2020-01-05 21:00:00+00:00,0.8,3.4715002
2020-01-06 21:00:00+00:00,0.5,5.5214996
2020-01-07 21:00:00+00:00,3.1999998,6.1215
2020-01-08 21:00:00+00:00,0.0,4.2215
2020-01-09 21:00:00+00:00,0.0,-0.4285
2020-01-10 21:00:00+00:00,1.6000001,2.8715
2020-01-11 21:00:00+00:00,9.500001,5.6714997
2020-01-12 21:00:00+00:00,0.0,1.8215001
2020-01-13 21:00:00+00:00,1.5,3.8215
2020-01-14 21:00:00+00:00,7.2,7.6714997
2020-01-15 21:00:00+00:00,1.0,5.8715
2020-01-16 21:00:00+00:00,0.0,5.0214996
2020-01-17 21:00:00+00:00,0.9000001,5.4715
2020-01-18 21:00:00+00:00,1.9000001,5.1714997
2020-01-19 21:00:00+00:00,0.1,3.5215
2020-01-20 21:00:00+00:00,0.0,7.1714997
2020-01-21 21:00:00+00:00,0.0,3.9215
2020-01-22 21:00:00+00:00,0.1,3.0715
2020-01-23 21:00:00+00:00,1.8000001,2.2715
2020-01-24 21:00:00+00:00,0.0,2.0215
2020-01-25 21:00:00+00:00,2.5,4.9715
2020-01-26 21:00:00+00:00,1.6000003,3.3215
2020-01-27 21:00:00+00:00,7.7999997,3.3715
2020-01-28 21:00:00+00:00,0.9000001,2.3715
2020-01-29 21:00:00+00:00,3.8000002,2.3215
2020-01-30 21:00:00+00:00,1.3000002,1.4215
2020-01-31 21:00:00+00:00,4.2000003,4.3715
2020-02-01 21:00:00+00:00,4.5,4.9214997
2020-02-02 21:00:00+00:00,0.1,1.5215001
2020-02-03 21:00:00+00:00,0.0,-1.6285
2020-02-04 21:00:00+00:00,0.0,1.6215
2020-02-05 21:00:00+00:00,0.0,1.6215
2020-02-06 21:00:00+00:00,0.0,0.5715
2020-02-07 21:00:00+00:00,0.0,2.2715
2020-02-08 21:00:00+00:00,0.4,4.6215
2020-02-09 21:00:00+00:00,9.700001,4.7215
2020-02-10 21:00:00+00:00,1.9000001,3.9215
2020-02-11 21:00:00+00:00,1.0,3.6215
2020-02-12 21:00:00+00:00,0.59999996,2.6215
2020-02-13 21:00:00+00:00,0.0,1.8215001
2020-02-14 21:00:00+00:00,2.2,3.2715
2020-02-15 21:00:00+00:00,15.599998,5.4214997
2020-02-16 21:00:00+00:00,18.6,5.7215
2020-02-17 21:00:00+00:00,0.2,6.3215
2020-02-18 21:00:00+00:00,0.0,5.0715
2020-02-19 21:00:00+00:00,0.3,1.8215001
2020-02-20 21:00:00+00:00,1.9000002,3.6215
2020-02-21 21:00:00+00:00,15.899999,4.7714996
2020-02-22 21:00:00+00:00,0.4,5.3215
2020-02-23 21:00:00+00:00,0.0,3.7715
2020-02-24 21:00:00+00:00,0.0,1.2715001
2020-02-25 21:00:00+00:00,0.0,0.9715
2020-02-26 21:00:00+00:00,0.0,-0.5785
2020-02-27 21:00:00+00:00,0.0,0.37150002
2020-02-28 21:00:00+00:00,0.10000001,1.9714999
2020-02-29 21:00:00+00:00,3.8,3.6715
2020-03-01 21:00:00+00:00,2.8000002,4.8215
2020-03-02 21:00:00+00:00,2.3,3.2215002
2020-03-03 21:00:00+00:00,3.1,3.6215
2020-03-04 21:00:00+00:00,1.6000001,3.4215
2020-03-05 21:00:00+00:00,0.5,4.1714997
2020-03-06 21:00:00+00:00,0.1,3.1215
2020-03-07 21:00:00+00:00,0.0,3.0715
2020-03-08 21:00:00+00:00,0.5,4.4715
2020-03-09 21:00:00+00:00,7.600001,3.7215002
2020-03-10 21:00:00+00:00,7.8999996,3.2715
2020-03-11 21:00:00+00:00,5.6000004,5.6714997
2020-03-12 21:00:00+00:00,1.0000001,3.8715
2020-03-13 21:00:00+00:00,0.0,0.4215
2020-03-14 21:00:00+00:00,0.2,4.0715
2020-03-15 21:00:00+00:00,7.0000005,5.8715
2020-03-16 21:00:00+00:00,0.6,4.0715
2020-03-17 21:00:00+00:00,3.7999997,5.5214996
2020-03-18 21:00:00+00:00,0.6,7.0715
2020-03-19 21:00:00+00:00,0.0,2.9215
2020-03-20 21:00:00+00:00,0.1,2.2715
2020-03-21 21:00:00+00:00,0.0,1.1215
2020-03-22 21:00:00+00:00,0.0,3.0715
2020-03-23 21:00:00+00:00,0.3,5.0214996
2020-03-24 21:00:00+00:00,0.0,6.1714997
2020-03-25 21:00:00+00:00,0.0,7.5715
2020-03-26 21:00:00+00:00,0.0,6.4715
2020-03-27 21:00:00+00:00,0.2,9.1215
2020-03-28 21:00:00+00:00,0.0,2.2215002
2020-03-29 21:00:00+00:00,0.0,1.6215
2020-03-30 21:00:00+00:00,0.099999994,1.8715
2020-03-31 21:00:00+00:00,0.1,7.3215
2020-04-01 21:00:00+00:00,3.0000002,6.1714997
2020-04-02 21:00:00+00:00,2.6999993,4.3215
2020-04-03 21:00:00+00:00,0.0,5.3715
2020-04-04 21:00:00+00:00,0.0,5.8715
2020-04-05 21:00:00+00:00,1.6,8.8715
2020-04-06 21:00:00+00:00,2.1000001,10.6215
2020-04-07 21:00:00+00:00,0.0,9.0215
2020-04-08 21:00:00+00:00,0.4,8.8215
2020-04-09 21:00:00+00:00,0.0,7.3715
2020-04-10 21:00:00+00:00,0.4,6.9715
2020-04-11 21:00:00+00:00,8.900001,5.9715
2020-04-12 21:00:00+00:00,1.5000001,6.7215
2020-04-13 21:00:00+00:00,1.3000001,5.8215
2020-04-14 21:00:00+00:00,1.8000001,7.0214996
2020-04-15 21:00:00+00:00,5.4,5.7215
2020-04-16 21:00:00+00:00,0.2,7.1714997
2020-04-17 21:00:00+00:00,0.0,8.2715
2020-04-18 21:00:00+00:00,0.0,10.221499
2020-04-19 21:00:00+00:00,0.0,12.1215
2020-04-20 21:00:00+00:00,0.0,13.0215
2020-04-21 21:00:00+00:00,0.0,8.7715
2020-04-22 21:00:00+00:00,0.0,11.721499
2020-04-23 21:00:00+00:00,0.0,9.721499
2020-04-24 21:00:00+00:00,0.0,7.3715
2020-04-25 21:00:00+00:00,0.2,7.8215
2020-04-26 21:00:00+00:00,0.0,6.8715
2020-04-27 21:00:00+00:00,0.4,6.1215
2020-04-28 21:00:00+00:00,1.7000003,7.4214997
2020-04-29 21:00:00+00:00,0.0,5.0715
2020-04-30 21:00:00+00:00,0.0,7.7215
2020-05-01 21:00:00+00:00,5.9000006,11.1715
2020-05-02 21:00:00+00:00,0.1,11.471499
2020-05-03 21:00:00+00:00,1.1,9.721499
2020-05-04 21:00:00+00:00,0.0,12.3215
2020-05-05 21:00:00+00:00,0.0,14.0215
2020-05-06 21:00:00+00:00,1.2,12.2715
2020-05-07 21:00:00+00:00,0.0,10.0215
2020-05-08 21:00:00+00:00,0.0,12.9215
2020-05-09 21:00:00+00:00,0.1,11.471499
2020-05-10 21:00:00+00:00,11.799999,9.5215
2020-05-11 21:00:00+00:00,0.90000004,9.5215
2020-05-12 21:00:00+00:00,2.5999997,5.9715
2020-05-13 21:00:00+00:00,0.9,9.721499
2020-05-14 21:00:00+00:00,2.1,8.8215
2020-05-15 21:00:00+00:00,7.5,7.1215
2020-05-16 21:00:00+00:00,3.3,7.7215
2020-05-17 21:00:00+00:00,1.4000001,11.3215
2020-05-18 21:00:00+00:00,1.6,9.9215
2020-05-19 21:00:00+00:00,1.4000001,12.5215
2020-05-20 21:00:00+00:00,0.0,14.5215
2020-05-21 21:00:00+00:00,0.0,12.6715
2020-05-22 21:00:00+00:00,0.0,14.4215
2020-05-23 21:00:00+00:00,0.0,12.4215
2020-05-24 21:00:00+00:00,0.1,17.521502
2020-05-25 21:00:00+00:00,0.0,18.8715
2020-05-26 21:00:00+00:00,0.0,17.7215
2020-05-27 21:00:00+00:00,2.3000002,17.771502
2020-05-28 21:00:00+00:00,0.0,16.4715
2020-05-29 21:00:00+00:00,0.0,19.6215
2020-05-30 21:00:00+00:00,0.0,19.8215
2020-05-31 21:00:00+00:00,0.0,14.8215
2020-06-01 21:00:00+00:00,0.0,14.5215
2020-06-02 21:00:00+00:00,0.0,16.2215
2020-06-03 21:00:00+00:00,2.3999999,16.7215
2020-06-04 21:00:00+00:00,8.3,15.4215
2020-06-05 21:00:00+00:00,7.8999996,15.7715
2020-06-06 21:00:00+00:00,0.0,17.3215
2020-06-07 21:00:00+00:00,8.400001,17.271502
2020-06-08 21:00:00+00:00,1.2,17.4715
2020-06-09 21:00:00+00:00,0.3,22.3715
2020-06-10 21:00:00+00:00,0.0,21.671501
2020-06-11 21:00:00+00:00,0.0,20.421501
2020-06-12 21:00:00+00:00,0.1,19.921501
2020-06-13 21:00:00+00:00,0.0,20.3215
2020-06-14 21:00:00+00:00,0.0,22.671501
2020-06-15 21:00:00+00:00,3.6,22.0715
2020-06-16 21:00:00+00:00,2.8999999,22.421501
2020-06-17 21:00:00+00:00,14.699999,21.8715
2020-06-18 21:00:00+00:00,0.0,23.271502
2020-06-19 21:00:00+00:00,0.0,20.7215
2020-06-20 21:00:00+00:00,0.0,19.021502
2020-06-21 21:00:00+00:00,0.0,19.5715
2020-06-22 21:00:00+00:00,0.0,22.6215
2020-06-23 21:00:00+00:00,0.0,25.1215
2020-06-24 21:00:00+00:00,0.0,26.5715
2020-06-25 21:00:00+00:00,0.0,25.4715
2020-06-26 21:00:00+00:00,0.0,25.6215
2020-06-27 21:00:00+00:00,0.2,23.1215
2020-06-28 21:00:00+00:00,10.8,20.521502
2020-06-29 21:00:00+00:00,30.200003,18.171501
2020-06-30 21:00:00+00:00,9.300002,17.8215
2020-07-01 21:00:00+00:00,6.0,17.671501
2020-07-02 21:00:00+00:00,2.4999998,18.3715
2020-07-03 21:00:00+00:00,9.0,16.4715
2020-07-04 21:00:00+00:00,20.1,17.3715
2020-07-05 21:00:00+00:00,2.5999994,17.171501
2020-07-06 21:00:00+00:00,1.6000001,16.3715
2020-07-07 21:00:00+00:00,2.4,16.1215
2020-07-08 21:00:00+00:00,5.399999,15.5715
2020-07-09 21:00:00+00:00,1.3,16.5715
2020-07-10 21:00:00+00:00,20.6,16.771502
2020-07-11 21:00:00+00:00,0.4,17.671501
2020-07-12 21:00:00+00:00,2.9,16.671501
2020-07-13 21:00:00+00:00,0.4,17.6215
2020-07-14 21:00:00+00:00,0.0,19.421501
2020-07-15 21:00:00+00:00,0.0,22.7215
2020-07-16 21:00:00+00:00,0.2,23.421501
2020-07-17 21:00:00+00:00,0.0,21.921501
2020-07-18 21:00:00+00:00,0.0,22.921501
2020-07-19 21:00:00+00:00,0.1,23.671501
2020-07-20 21:00:00+00:00,0.9000001,21.771502
2020-07-21 21:00:00+00:00,0.70000005,19.7215
2020-07-22 21:00:00+00:00,0.4,17.8215
2020-07-23 21:00:00+00:00,5.1,16.1215
2020-07-24 21:00:00+00:00,6.6999993,18.6215
2020-07-25 21:00:00+00:00,0.0,20.2215
2020-07-26 21:00:00+00:00,0.0,20.421501
2020-07-27 21:00:00+00:00,24.5,18.171501
2020-07-28 21:00:00+00:00,4.5999994,18.8715
2020-07-29 21:00:00+00:00,1.8000002,17.0715
2020-07-30 21:00:00+00:00,0.4,21.671501
2020-07-31 21:00:00+00:00,0.0,20.2215
2020-08-01 21:00:00+00:00,1.6000001,20.1215
2020-08-02 21:00:00+00:00,5.6,19.5715
2020-08-03 21:00:00+00:00,2.1,18.1215
2020-08-04 21:00:00+00:00,0.0,20.171501
2020-08-05 21:00:00+00:00,1.0,18.9715
2020-08-06 21:00:00+00:00,0.0,21.021502
2020-08-07 21:00:00+00:00,0.0,24.1215
2020-08-08 21:00:00+00:00,0.0,25.771502
2020-08-09 21:00:00+00:00,0.0,22.421501
2020-08-10 21:00:00+00:00,0.0,19.6215
2020-08-11 21:00:00+00:00,0.70000005,18.6215
2020-08-12 21:00:00+00:00,2.2,17.171501
2020-08-13 21:00:00+00:00,1.1000001,18.521502
2020-08-14 21:00:00+00:00,0.3,22.5715
2020-08-15 21:00:00+00:00,0.0,25.171501
2020-08-16 21:00:00+00:00,0.0,22.3715
2020-08-17 21:00:00+00:00,0.0,20.2215
2020-08-18 21:00:00+00:00,0.2,20.921501
2020-08-19 21:00:00+00:00,0.0,21.8715
2020-08-20 21:00:00+00:00,0.0,22.3215
2020-08-21 21:00:00+00:00,18.699999,19.4715
2020-08-22 21:00:00+00:00,2.1,20.9715
2020-08-23 21:00:00+00:00,4.6,19.021502
2020-08-24 21:00:00+00:00,0.3,18.5715
2020-08-25 21:00:00+00:00,0.2,19.271502
2020-08-26 21:00:00+00:00,0.0,18.3215
2020-08-27 21:00:00+00:00,0.2,17.8215
2020-08-28 21:00:00+00:00,3.2,16.671501
2020-08-29 21:00:00+00:00,18.800001,16.5715
2020-08-30 21:00:00+00:00,3.1,15.3715
2020-08-31 21:00:00+00:00,0.0,18.2215
2020-09-01 21:00:00+00:00,0.2,16.3215
2020-09-02 21:00:00+00:00,7.5,17.8715
2020-09-03 21:00:00+00:00,3.2999997,18.0715
2020-09-04 21:00:00+00:00,7.8999996,16.9715
2020-09-05 21:00:00+00:00,1.4000002,16.0715
2020-09-06 21:00:00+00:00,1.2,15.8215
2020-09-07 21:00:00+00:00,11.500001,14.4215
2020-09-08 21:00:00+00:00,6.3,16.8215
2020-09-09 21:00:00+00:00,1.1,15.721499
2020-09-10 21:00:00+00:00,0.0,14.8715
2020-09-11 21:00:00+00:00,19.199999,14.5715
2020-09-12 21:00:00+00:00,5.2,15.971499
2020-09-13 21:00:00+00:00,0.2,17.1215
2020-09-14 21:00:00+00:00,0.0,16.671501
2020-09-15 21:00:00+00:00,2.2,17.1215
2020-09-16 21:00:00+00:00,2.1,10.471499
2020-09-17 21:00:00+00:00,0.0,14.5715
2020-09-18 21:00:00+00:00,0.0,15.2715
2020-09-19 21:00:00+00:00,0.0,14.6715
2020-09-20 21:00:00+00:00,0.0,15.0715
2020-09-21 21:00:00+00:00,0.0,15.721499
2020-09-22 21:00:00+00:00,0.0,16.7215
2020-09-23 21:00:00+00:00,0.0,18.521502
2020-09-24 21:00:00+00:00,7.5000005,16.5715
2020-09-25 21:00:00+00:00,0.0,17.3215
2020-09-26 21:00:00+00:00,0.0,17.771502
2020-09-27 21:00:00+00:00,0.0,15.1215
2020-09-28 21:00:00+00:00,1.3000001,14.2715
2020-09-29 21:00:00+00:00,0.0,14.3715
2020-09-30 21:00:00+00:00,0.0,14.7715
2020-10-01 21:00:00+00:00,0.0,14.6215
2020-10-02 21:00:00+00:00,0.0,14.471499
2020-10-03 21:00:00+00:00,14.0,13.9215
2020-10-04 21:00:00+00:00,0.4,15.8715
2020-10-05 21:00:00+00:00,9.2,16.1215
2020-10-06 21:00:00+00:00,0.90000004,14.4215
2020-10-07 21:00:00+00:00,6.8999996,14.221499
2020-10-08 21:00:00+00:00,5.3999996,13.0215
2020-10-09 21:00:00+00:00,1.1,13.3715
2020-10-10 21:00:00+00:00,9.2,12.5715
2020-10-11 21:00:00+00:00,4.6000004,11.0715
2020-10-12 21:00:00+00:00,0.6,10.6215
2020-10-13 21:00:00+00:00,0.0,10.3215
2020-10-14 21:00:00+00:00,0.0,7.8715
2020-10-15 21:00:00+00:00,0.0,7.6215
2020-10-16 21:00:00+00:00,0.0,9.5715
2020-10-17 21:00:00+00:00,3.1000001,7.9715
2020-10-18 21:00:00+00:00,0.3,4.5715
2020-10-19 21:00:00+00:00,0.0,4.6714997
2020-10-20 21:00:00+00:00,4.7,8.5215
2020-10-21 21:00:00+00:00,11.8,11.3215
2020-10-22 21:00:00+00:00,2.9999998,11.0715
2020-10-23 21:00:00+00:00,0.70000005,6.5715
2020-10-24 21:00:00+00:00,0.9,9.2715
2020-10-25 21:00:00+00:00,1.0,10.6715
2020-10-26 21:00:00+00:00,4.3,11.8715
2020-10-27 21:00:00+00:00,9.700002,10.4215
2020-10-28 21:00:00+00:00,3.8999994,10.2715
2020-10-29 21:00:00+00:00,0.9000001,10.6715
2020-10-30 21:00:00+00:00,1.3000001,9.1215
2020-10-31 21:00:00+00:00,0.0,8.471499
2020-11-01 21:00:00+00:00,5.4,9.5215
2020-11-02 21:00:00+00:00,4.0,11.7715
2020-11-03 21:00:00+00:00,6.2000003,9.5215
2020-11-04 21:00:00+00:00,0.0,9.221499
2020-11-05 21:00:00+00:00,0.0,10.7715
2020-11-06 21:00:00+00:00,0.0,10.8215
2020-11-07 21:00:00+00:00,0.0,7.9715
2020-11-08 21:00:00+00:00,0.0,7.3715
2020-11-09 21:00:00+00:00,0.0,4.6215
2020-11-10 21:00:00+00:00,6.5999994,7.8215
2020-11-11 21:00:00+00:00,0.3,7.7215
2020-11-12 21:00:00+00:00,1.0000001,6.1714997
2020-11-13 21:00:00+00:00,0.1,4.9214997
2020-11-14 21:00:00+00:00,0.0,4.7714996
2020-11-15 21:00:00+00:00,2.5000002,5.5214996
2020-11-16 21:00:00+00:00,8.299999,7.6215
2020-11-17 21:00:00+00:00,15.300001,10.4215
2020-11-18 21:00:00+00:00,15.7,10.5215
2020-11-19 21:00:00+00:00,0.8000001,3.2715
2020-11-20 21:00:00+00:00,8.2,5.6215
2020-11-21 21:00:00+00:00,7.7,7.0214996
2020-11-22 21:00:00+00:00,1.2,5.4214997
2020-11-23 21:00:00+00:00,0.0,4.0215
2020-11-24 21:00:00+00:00,5.7,7.9214997
2020-11-25 21:00:00+00:00,1.9000001,7.8215
2020-11-26 21:00:00+00:00,0.0,2.3715
2020-11-27 21:00:00+00:00,0.0,2.3715
2020-11-28 21:00:00+00:00,1.6000003,1.7715001
2020-11-29 21:00:00+00:00,1.9000003,2.0715
2020-11-30 21:00:00+00:00,2.5999994,4.9715
2020-12-01 21:00:00+00:00,1.2000002,4.6215
2020-12-02 21:00:00+00:00,0.0,1.1215
2020-12-03 21:00:00+00:00,0.5,2.5215
2020-12-04 21:00:00+00:00,2.5999997,4.5715
2020-12-05 21:00:00+00:00,0.1,4.4715
2020-12-06 21:00:00+00:00,0.0,3.6215
2020-12-07 21:00:00+00:00,0.0,0.5715
2020-12-08 21:00:00+00:00,0.0,-0.5785
2020-12-09 21:00:00+00:00,0.0,0.1215
2020-12-10 21:00:00+00:00,0.0,0.7215
2020-12-11 21:00:00+00:00,1.3000001,2.0215
2020-12-12 21:00:00+00:00,0.0,0.1715
2020-12-13 21:00:00+00:00,0.0,-0.97849995
2020-12-14 21:00:00+00:00,0.6,2.9215
2020-12-15 21:00:00+00:00,6.5,4.3715
2020-12-16 21:00:00+00:00,0.0,3.2215002
2020-12-17 21:00:00+00:00,8.699999,4.2714996
2020-12-18 21:00:00+00:00,0.90000004,5.8715
2020-12-19 21:00:00+00:00,0.2,6.0715
2020-12-20 21:00:00+00:00,2.4999998,4.2215
2020-12-21 21:00:00+00:00,0.4,4.4214997
2020-12-22 21:00:00+00:00,1.9000002,3.6215
2020-12-23 21:00:00+00:00,0.0,2.8715
2020-12-24 21:00:00+00:00,0.0,1.2715001
2020-12-25 21:00:00+00:00,0.0,-0.4785
2020-12-26 21:00:00+00:00,0.0,1.2715001
2020-12-27 21:00:00+00:00,0.1,1.7715001
2020-12-28 21:00:00+00:00,1.3000001,1.7214999
2020-12-29 21:00:00+00:00,6.1,4.0215
2020-12-30 21:00:00+00:00,2.4,2.4715002
2020-12-31 21:00:00+00:00,0.2,2.6215
2021-01-01 21:00:00+00:00,0.0,1.2715001
2021-01-02 21:00:00+00:00,0.0,-1.2284999
2021-01-03 21:00:00+00:00,0.0,-1.2284999
2021-01-04 21:00:00+00:00,0.0,-1.3285
2021-01-05 21:00:00+00:00,0.0,-2.3285
2021-01-06 21:00:00+00:00,0.0,0.3215
2021-01-07 21:00:00+00:00,0.0,-1.1285
2021-01-08 21:00:00+00:00,0.0,-3.2784998
2021-01-09 21:00:00+00:00,0.0,0.4215
2021-01-10 21:00:00+00:00,0.0,0.6215
2021-01-11 21:00:00+00:00,0.0,0.1215
2021-01-12 21:00:00+00:00,0.19999996,-0.5785
2021-01-13 21:00:00+00:00,0.1,-9.6785
2021-01-14 21:00:00+00:00,0.0,-15.1285
2021-01-15 21:00:00+00:00,0.0,-12.6285
2021-01-16 21:00:00+00:00,0.0,-8.8785
2021-01-17 21:00:00+00:00,0.1,-0.6785
2021-01-18 21:00:00+00:00,0.0,0.2715
2021-01-19 21:00:00+00:00,0.0,-1.4284999
2021-01-20 21:00:00+00:00,0.20000002,-1.3785
2021-01-21 21:00:00+00:00,2.3,3.0715
2021-01-22 21:00:00+00:00,0.1,3.1715
2021-01-23 21:00:00+00:00,1.2,2.3715
2021-01-24 21:00:00+00:00,0.40000004,1.5215001
2021-01-25 21:00:00+00:00,0.19999999,1.2715001
2021-01-26 21:00:00+00:00,0.2,0.8215
2021-01-27 21:00:00+00:00,0.0,-1.3785
2021-01-28 21:00:00+00:00,0.0,-1.7284999
2021-01-29 21:00:00+00:00,0.1,-3.5284998
2021-01-30 21:00:00+00:00,0.0,-5.0285
2021-01-31 21:00:00+00:00,0.0,-5.8785
2021-02-01 21:00:00+00:00,0.0,-1.9284999
2021-02-02 21:00:00+00:00,0.0,-3.2784998
2021-02-03 21:00:00+00:00,0.0,-9.0785
2021-02-04 21:00:00+00:00,0.0,-12.7285
2021-02-05 21:00:00+00:00,0.0,-9.6785
2021-02-06 21:00:00+00:00,0.0,-5.3285003
2021-02-07 21:00:00+00:00,0.0,-5.8785
2021-02-08 21:00:00+00:00,0.0,-8.9785
2021-02-09 21:00:00+00:00,0.0,-8.1785
2021-02-10 21:00:00+00:00,0.0,-12.1785
2021-02-11 21:00:00+00:00,0.0,-8.4785
2021-02-12 21:00:00+00:00,0.0,-3.1785
2021-02-13 21:00:00+00:00,0.0,-3.6785
2021-02-14 21:00:00+00:00,0.0,-4.3285003
2021-02-15 21:00:00+00:00,0.0,-2.9285
2021-02-16 21:00:00+00:00,0.0,-8.4285
2021-02-17 21:00:00+00:00,0.0,-7.1785
2021-02-18 21:00:00+00:00,0.0,-6.2285004
2021-02-19 21:00:00+00:00,0.2,0.9215
2021-02-20 21:00:00+00:00,4.1,3.2715
2021-02-21 21:00:00+00:00,1.4000001,-5.2785
2021-02-22 21:00:00+00:00,1.0000001,-0.7785
2021-02-23 21:00:00+00:00,1.1,3.8715
2021-02-24 21:00:00+00:00,0.90000004,4.3215
2021-02-25 21:00:00+00:00,0.90000004,4.3715
2021-02-26 21:00:00+00:00,0.1,3.2215002
2021-02-27 21:00:00+00:00,0.4,6.0715
2021-02-28 21:00:00+00:00,0.0,4.2714996
2021-03-01 21:00:00+00:00,0.0,4.1714997
2021-03-02 21:00:00+00:00,0.0,4.2215
2021-03-03 21:00:00+00:00,0.0,0.3215
2021-03-04 21:00:00+00:00,0.0,-1.7785001
2021-03-05 21:00:00+00:00,0.20000002,1.4215
2021-03-06 21:00:00+00:00,0.0,-0.8285
2021-03-07 21:00:00+00:00,0.0,-4.3785
2021-03-08 21:00:00+00:00,0.0,-3.3785
2021-03-09 21:00:00+00:00,0.0,-8.3285
2021-03-10 21:00:00+00:00,0.0,-1.5785
2021-03-11 21:00:00+00:00,0.0,-1.2284999
2021-03-12 21:00:00+00:00,0.8,2.0715
2021-03-13 21:00:00+00:00,0.4,0.8215
2021-03-14 21:00:00+00:00,1.2,2.3215
2021-03-15 21:00:00+00:00,0.0,1.1215
2021-03-16 21:00:00+00:00,0.1,2.1215
2021-03-17 21:00:00+00:00,0.0,-0.6285
2021-03-18 21:00:00+00:00,0.0,-3.5785
2021-03-19 21:00:00+00:00,0.0,0.7715
2021-03-20 21:00:00+00:00,0.5,2.6215
2021-03-21 21:00:00+00:00,0.0,1.2715001
2021-03-22 21:00:00+00:00,0.1,3.6215
2021-03-23 21:00:00+00:00,0.0,2.8715
2021-03-24 21:00:00+00:00,0.0,4.4214997
2021-03-25 21:00:00+00:00,0.5,4.0715
2021-03-26 21:00:00+00:00,1.2,5.2215
2021-03-27 21:00:00+00:00,0.5,4.5715
2021-03-28 21:00:00+00:00,5.9,3.9215
2021-03-29 21:00:00+00:00,0.5,5.9214997
2021-03-30 21:00:00+00:00,3.3,8.971499
2021-03-31 21:00:00+00:00,0.0,7.6215
2021-04-01 21:00:00+00:00,1.0,6.2714996
2021-04-02 21:00:00+00:00,0.70000005,5.8215
2021-04-03 21:00:00+00:00,0.0,6.7215
2021-04-04 21:00:00+00:00,5.3,3.3215
2021-04-05 21:00:00+00:00,0.2,3.7215002
2021-04-06 21:00:00+00:00,0.1,4.7714996
2021-04-07 21:00:00+00:00,0.1,6.2215
2021-04-08 21:00:00+00:00,4.7999997,3.4215
2021-04-09 21:00:00+00:00,0.8000001,4.4715
2021-04-10 21:00:00+00:00,0.0,7.1215
2021-04-11 21:00:00+00:00,0.5,10.5215
2021-04-12 21:00:00+00:00,0.2,6.5715
2021-04-13 21:00:00+00:00,0.0,7.5214996
2021-04-14 21:00:00+00:00,0.0,8.8215
2021-04-15 21:00:00+00:00,0.0,12.5215
2021-04-16 21:00:00+00:00,0.0,14.1715
2021-04-17 21:00:00+00:00,0.0,12.1715
2021-04-18 21:00:00+00:00,0.0,9.8715
2021-04-19 21:00:00+00:00,0.0,9.9215
2021-04-20 21:00:00+00:00,0.0,9.1715
2021-04-21 21:00:00+00:00,0.0,9.0715
2021-04-22 21:00:00+00:00,5.8999996,5.6215
2021-04-23 21:00:00+00:00,4.0,4.5214996
2021-04-24 21:00:00+00:00,2.0,7.6714997
2021-04-25 21:00:00+00:00,1.9000002,6.4715
2021-04-26 21:00:00+00:00,0.1,7.3215
2021-04-27 21:00:00+00:00,0.3,6.7714996
2021-04-28 21:00:00+00:00,0.3,6.1714997
2021-04-29 21:00:00+00:00,0.0,8.5715
2021-04-30 21:00:00+00:00,0.3,8.3215
2021-05-01 21:00:00+00:00,0.0,7.8215
2021-05-02 21:00:00+00:00,0.0,9.4215
2021-05-03 21:00:00+00:00,0.1,11.2715
2021-05-04 21:00:00+00:00,5.0,5.2215
2021-05-05 21:00:00+00:00,1.0000001,8.1215
2021-05-06 21:00:00+00:00,0.70000005,6.3715
2021-05-07 21:00:00+00:00,0.70000005,9.0215
2021-05-08 21:00:00+00:00,0.40000004,10.0215
2021-05-09 21:00:00+00:00,4.2,13.5215
2021-05-10 21:00:00+00:00,0.0,17.8215
2021-05-11 21:00:00+00:00,0.0,17.5715
2021-05-12 21:00:00+00:00,0.0,18.9715
2021-05-13 21:00:00+00:00,0.2,15.471499
2021-05-14 21:00:00+00:00,2.9,14.8715
2021-05-15 21:00:00+00:00,0.0,13.4215
2021-05-16 21:00:00+00:00,10.299999,16.0715
2021-05-17 21:00:00+00:00,11.0,16.8215
2021-05-18 21:00:00+00:00,13.900002,14.8715
2021-05-19 21:00:00+00:00,8.099999,15.1715
2021-05-20 21:00:00+00:00,16.800001,11.721499
2021-05-21 21:00:00+00:00,0.90000004,13.3715
2021-05-22 21:00:00+00:00,0.70000005,14.2715
2021-05-23 21:00:00+00:00,0.1,14.6215
2021-05-24 21:00:00+00:00,0.0,12.5215
2021-05-25 21:00:00+00:00,25.5,10.3215
2021-05-26 21:00:00+00:00,0.90000004,11.9215
2021-05-27 21:00:00+00:00,0.3,12.5715
2021-05-28 21:00:00+00:00,0.0,12.721499
2021-05-29 21:00:00+00:00,0.0,12.471499
2021-05-30 21:00:00+00:00,2.3000002,13.8215
2021-05-31 21:00:00+00:00,0.90000004,15.0215
2021-06-01 21:00:00+00:00,0.0,17.4715
2021-06-02 21:00:00+00:00,0.0,17.771502
2021-06-03 21:00:00+00:00,0.0,18.021502
2021-06-04 21:00:00+00:00,0.0,21.8215
2021-06-05 21:00:00+00:00,1.8,23.521502
2021-06-06 21:00:00+00:00,3.3,23.021502
2021-06-07 21:00:00+00:00,0.0,19.171501
2021-06-08 21:00:00+00:00,0.0,20.021502
2021-06-09 21:00:00+00:00,0.0,21.521502
2021-06-10 21:00:00+00:00,0.0,21.9715
2021-06-11 21:00:00+00:00,6.4,20.7215
2021-06-12 21:00:00+00:00,9.400001,19.521502
2021-06-13 21:00:00+00:00,0.0,19.171501
2021-06-14 21:00:00+00:00,5.699999,19.1215
2021-06-15 21:00:00+00:00,0.0,19.0715
2021-06-16 21:00:00+00:00,0.0,19.521502
2021-06-17 21:00:00+00:00,0.0,23.8715
2021-06-18 21:00:00+00:00,0.0,24.8215
2021-06-19 21:00:00+00:00,0.0,26.921501
2021-06-20 21:00:00+00:00,0.2,27.4715
2021-06-21 21:00:00+00:00,0.0,26.8215
2021-06-22 21:00:00+00:00,10.1,24.9715
2021-06-23 21:00:00+00:00,0.3,21.8715
2021-06-24 21:00:00+00:00,0.70000005,21.7215
2021-06-25 21:00:00+00:00,1.2,23.3215
2021-06-26 21:00:00+00:00,1.7000002,24.5715
2021-06-27 21:00:00+00:00,0.1,24.8715
2021-06-28 21:00:00+00:00,0.0,26.3215
2021-06-29 21:00:00+00:00,0.1,24.9715
2021-06-30 21:00:00+00:00,0.6,26.1215
2021-07-01 21:00:00+00:00,0.70000005,22.2215
2021-07-02 21:00:00+00:00,0.0,23.8215
2021-07-03 21:00:00+00:00,0.0,24.771502
2021-07-04 21:00:00+00:00,0.0,25.4715
2021-07-05 21:00:00+00:00,0.8,26.1215
2021-07-06 21:00:00+00:00,0.8000001,25.4715
2021-07-07 21:00:00+00:00,4.3,25.271502
2021-07-08 21:00:00+00:00,0.0,25.8715
2021-07-09 21:00:00+00:00,0.0,30.1215
2021-07-10 21:00:00+00:00,0.0,24.5715
2021-07-11 21:00:00+00:00,0.0,25.921501
2021-07-12 21:00:00+00:00,0.0,26.7215
2021-07-13 21:00:00+00:00,0.0,28.7215
2021-07-14 21:00:00+00:00,0.0,29.3215
2021-07-15 21:00:00+00:00,0.2,29.2215
2021-07-16 21:00:00+00:00,0.0,25.0715
2021-07-17 21:00:00+00:00,0.4,25.7215
2021-07-18 21:00:00+00:00,0.0,21.4715
2021-07-19 21:00:00+00:00,3.8999999,21.0715
2021-07-20 21:00:00+00:00,0.0,20.271502
2021-07-21 21:00:00+00:00,0.0,24.921501
2021-07-22 21:00:00+00:00,0.0,20.671501
2021-07-23 21:00:00+00:00,0.0,19.6215
2021-07-24 21:00:00+00:00,0.0,22.671501
2021-07-25 21:00:00+00:00,0.0,26.5715
2021-07-26 21:00:00+00:00,0.0,26.0715
2021-07-27 21:00:00+00:00,11.3,22.1215
2021-07-28 21:00:00+00:00,3.1999998,22.4715
2021-07-29 21:00:00+00:00,9.0,18.421501
2021-07-30 21:00:00+00:00,0.70000005,20.3715
2021-07-31 21:00:00+00:00,5.1,18.8215
2021-08-01 21:00:00+00:00,0.0,19.3715
2021-08-02 21:00:00+00:00,2.3,17.921501
2021-08-03 21:00:00+00:00,1.3000001,17.8215
2021-08-04 21:00:00+00:00,0.0,18.1215
2021-08-05 21:00:00+00:00,0.0,20.1215
2021-08-06 21:00:00+00:00,12.299999,17.4715
2021-08-07 21:00:00+00:00,0.6,20.1215
2021-08-08 21:00:00+00:00,3.1,19.8215
2021-08-09 21:00:00+00:00,2.7999997,19.6215
2021-08-10 21:00:00+00:00,0.1,19.4715
2021-08-11 21:00:00+00:00,5.4999995,20.6215
2021-08-12 21:00:00+00:00,0.0,22.1215
2021-08-13 21:00:00+00:00,6.499999,19.3715
2021-08-14 21:00:00+00:00,15.899999,16.2215
2021-08-15 21:00:00+00:00,5.9999995,18.671501
2021-08-16 21:00:00+00:00,15.200001,18.5715
2021-08-17 21:00:00+00:00,9.8,16.7215
2021-08-18 21:00:00+00:00,12.800001,16.3715
2021-08-19 21:00:00+00:00,0.3,17.521502
2021-08-20 21:00:00+00:00,3.4,17.2215
2021-08-21 21:00:00+00:00,1.1,16.5715
2021-08-22 21:00:00+00:00,0.2,14.8215
2021-08-23 21:00:00+00:00,1.6,14.6715
2021-08-24 21:00:00+00:00,37.0,12.6715
2021-08-25 21:00:00+00:00,16.800001,15.221499
2021-08-26 21:00:00+00:00,2.4,14.9215
2021-08-27 21:00:00+00:00,0.0,19.6215
2021-08-28 21:00:00+00:00,0.1,18.7215
2021-08-29 21:00:00+00:00,0.0,18.3715
2021-08-30 21:00:00+00:00,0.0,18.9715
2021-08-31 21:00:00+00:00,0.2,15.4215
2021-09-01 21:00:00+00:00,0.6,14.1215
2021-09-02 21:00:00+00:00,0.2,12.721499
2021-09-03 21:00:00+00:00,0.1,12.7715
2021-09-04 21:00:00+00:00,0.1,13.2715
2021-09-05 21:00:00+00:00,1.2,15.8715
2021-09-06 21:00:00+00:00,0.2,15.8715
2021-09-07 21:00:00+00:00,1.5,17.1215
2021-09-08 21:00:00+00:00,0.0,18.1215
2021-09-09 21:00:00+00:00,0.0,14.5715
2021-09-10 21:00:00+00:00,3.7999995,16.4715
2021-09-11 21:00:00+00:00,7.5999994,15.4215
2021-09-12 21:00:00+00:00,3.3,14.5715
2021-09-13 21:00:00+00:00,0.0,12.4215
2021-09-14 21:00:00+00:00,0.0,10.471499
2021-09-15 21:00:00+00:00,0.0,9.9215
2021-09-16 21:00:00+00:00,0.3,9.9215
2021-09-17 21:00:00+00:00,0.2,10.3715
2021-09-18 21:00:00+00:00,0.1,9.5715
2021-09-19 21:00:00+00:00,0.0,10.3715
2021-09-20 21:00:00+00:00,0.3,9.1715
2021-09-21 21:00:00+00:00,0.0,10.2715
2021-09-22 21:00:00+00:00,5.0,9.971499
2021-09-23 21:00:00+00:00,12.500004,9.8715
2021-09-24 21:00:00+00:00,4.1,12.6215
2021-09-25 21:00:00+00:00,0.0,14.221499
2021-09-26 21:00:00+00:00,0.0,12.0215
2021-09-27 21:00:00+00:00,0.0,11.5715
2021-09-28 21:00:00+00:00,0.2,10.9215
2021-09-29 21:00:00+00:00,0.0,10.1215
2021-09-30 21:00:00+00:00,0.8,11.3215
2021-10-01 21:00:00+00:00,0.0,11.7715
2021-10-02 21:00:00+00:00,0.0,12.7715
2021-10-03 21:00:00+00:00,0.0,13.471499
2021-10-04 21:00:00+00:00,10.299999,12.6715
2021-10-05 21:00:00+00:00,4.1,13.0715
2021-10-06 21:00:00+00:00,2.9,11.971499
2021-10-07 21:00:00+00:00,1.2,11.8215
2021-10-08 21:00:00+00:00,1.4000001,12.221499
2021-10-09 21:00:00+00:00,0.9,11.471499
2021-10-10 21:00:00+00:00,2.2,11.0215
2021-10-11 21:00:00+00:00,6.9999995,9.5715
2021-10-12 21:00:00+00:00,0.8,9.1215
2021-10-13 21:00:00+00:00,0.2,8.8215
2021-10-14 21:00:00+00:00,9.6,9.8215
2021-10-15 21:00:00+00:00,0.0,8.7715
2021-10-16 21:00:00+00:00,0.0,8.221499
2021-10-17 21:00:00+00:00,0.1,6.7714996
2021-10-18 21:00:00+00:00,0.1,5.5715
2021-10-19 21:00:00+00:00,21.7,11.721499
2021-10-20 21:00:00+00:00,10.2,11.721499
2021-10-21 21:00:00+00:00,11.499999,9.721499
2021-10-22 21:00:00+00:00,4.4999995,4.3215
2021-10-23 21:00:00+00:00,1.3,7.2215
2021-10-24 21:00:00+00:00,2.0,9.971499
2021-10-25 21:00:00+00:00,0.9,9.7715
2021-10-26 21:00:00+00:00,5.7,9.221499
2021-10-27 21:00:00+00:00,3.0,10.7715
2021-10-28 21:00:00+00:00,0.0,11.3215
2021-10-29 21:00:00+00:00,0.0,9.221499
2021-10-30 21:00:00+00:00,0.0,9.8215
2021-10-31 21:00:00+00:00,0.0,10.1715
2021-11-01 21:00:00+00:00,0.1,8.1715
2021-11-02 21:00:00+00:00,6.3,7.6714997
2021-11-03 21:00:00+00:00,2.4999998,8.6215
2021-11-04 21:00:00+00:00,10.200002,8.3215
2021-11-05 21:00:00+00:00,2.7,5.8215
2021-11-06 21:00:00+00:00,4.2000003,4.7215
2021-11-07 21:00:00+00:00,0.4,2.9215
2021-11-08 21:00:00+00:00,4.6,4.2215
2021-11-09 21:00:00+00:00,1.9000003,9.4215
2021-11-10 21:00:00+00:00,0.70000005,8.221499
2021-11-11 21:00:00+00:00,0.5,6.6215
2021-11-12 21:00:00+00:00,0.0,3.3715
2021-11-13 21:00:00+00:00,0.0,2.9215
2021-11-14 21:00:00+00:00,0.0,5.1714997
2021-11-15 21:00:00+00:00,0.0,6.7714996
2021-11-16 21:00:00+00:00,1.8000002,6.2714996
2021-11-17 21:00:00+00:00,5.799999,5.2714996
2021-11-18 21:00:00+00:00,4.3999996,4.2215
2021-11-19 21:00:00+00:00,0.0,4.7714996
2021-11-20 21:00:00+00:00,0.0,2.2215002
2021-11-21 21:00:00+00:00,0.0,0.5215
2021-11-22 21:00:00+00:00,1.1,2.3715
2021-11-23 21:00:00+00:00,0.5,4.1714997
2021-11-24 21:00:00+00:00,2.9999998,6.9214997
2021-11-25 21:00:00+00:00,0.0,2.3715
2021-11-26 21:00:00+00:00,0.0,-4.7285004
2021-11-27 21:00:00+00:00,0.0,-4.8785
2021-11-28 21:00:00+00:00,0.0,-4.3285003
2021-11-29 21:00:00+00:00,0.0,-5.2285004
2021-11-30 21:00:00+00:00,0.0,-4.3785
2021-12-01 21:00:00+00:00,0.0,-5.8285003
2021-12-02 21:00:00+00:00,0.0,-4.2785
2021-12-03 21:00:00+00:00,0.0,-4.3285003
2021-12-04 21:00:00+00:00,0.0,-10.028501
2021-12-05 21:00:00+00:00,0.0,-8.778501
2021-12-06 21:00:00+00:00,0.0,-11.4785
2021-12-07 21:00:00+00:00,0.0,-9.9785
2021-12-08 21:00:00+00:00,0.0,-3.7784998
2021-12-09 21:00:00+00:00,0.70000005,-0.2785
2021-12-10 21:00:00+00:00,1.1,1.3215001
2021-12-11 21:00:00+00:00,1.3000001,1.4215
2021-12-12 21:00:00+00:00,0.2,2.3715
2021-12-13 21:00:00+00:00,5.4,3.2715
2021-12-14 21:00:00+00:00,0.3,4.5214996
2021-12-15 21:00:00+00:00,0.2,2.7215002
2021-12-16 21:00:00+00:00,0.0,1.5715001
2021-12-17 21:00:00+00:00,0.90000004,3.7215002
2021-12-18 21:00:00+00:00,0.0,3.1215
2021-12-19 21:00:00+00:00,0.0,-4.5285
2021-12-20 21:00:00+00:00,0.0,-7.1285
2021-12-21 21:00:00+00:00,0.0,-6.5785003
2021-12-22 21:00:00+00:00,0.0,-0.5285
2021-12-23 21:00:00+00:00,0.0,-0.9285
2021-12-24 21:00:00+00:00,0.0,-7.5785003
2021-12-25 21:00:00+00:00,0.0,-8.1285
2021-12-26 21:00:00+00:00,0.0,-7.8285003
2021-12-27 21:00:00+00:00,0.0,-0.0785
2021-12-28 21:00:00+00:00,0.1,-2.6285
2021-12-29 21:00:00+00:00,0.0,-0.8285
2021-12-30 21:00:00+00:00,0.70000005,2.5215
2021-12-31 21:00:00+00:00,0.0,-1.1285
2022-01-01 21:00:00+00:00,0.0,-2.6785
2022-01-02 21:00:00+00:00,0.0,-0.97849995
2022-01-03 21:00:00+00:00,3.8999996,2.3215
2022-01-04 21:00:00+00:00,0.0,0.8215
2022-01-05 21:00:00+00:00,0.0,-1.4284999
2022-01-06 21:00:00+00:00,0.0,-6.5285
2022-01-07 21:00:00+00:00,0.0,-1.8285
2022-01-08 21:00:00+00:00,0.0,-1.7284999
2022-01-09 21:00:00+00:00,0.0,-6.3785
2022-01-10 21:00:00+00:00,0.0,-5.1785
2022-01-11 21:00:00+00:00,0.0,1.6215
2022-01-12 21:00:00+00:00,0.0,4.7215
2022-01-13 21:00:00+00:00,0.1,4.4214997
2022-01-14 21:00:00+00:00,0.0,0.4215
2022-01-15 21:00:00+00:00,0.90000004,2.1715
2022-01-16 21:00:00+00:00,0.0,0.4715
2022-01-17 21:00:00+00:00,0.0,0.4715
2022-01-18 21:00:00+00:00,0.1,3.0215
2022-01-19 21:00:00+00:00,3.0999997,2.8215
2022-01-20 21:00:00+00:00,0.0,-1.6784999
2022-01-21 21:00:00+00:00,0.0,-2.9785
2022-01-22 21:00:00+00:00,0.0,1.5215001
2022-01-23 21:00:00+00:00,0.2,2.2715
2022-01-24 21:00:00+00:00,0.0,-0.1285
2022-01-25 21:00:00+00:00,0.1,0.6715
2022-01-26 21:00:00+00:00,0.50000006,1.0215
2022-01-27 21:00:00+00:00,0.0,0.6215
2022-01-28 21:00:00+00:00,0.0,-0.1785
2022-01-29 21:00:00+00:00,0.0,0.1215
2022-01-30 21:00:00+00:00,0.1,-3.7285
2022-01-31 21:00:00+00:00,0.0,-6.4285
2022-02-01 21:00:00+00:00,0.0,-6.6785
2022-02-02 21:00:00+00:00,0.0,-7.2285004
2022-02-03 21:00:00+00:00,0.0,-2.6785
2022-02-04 21:00:00+00:00,0.0,0.4215
2022-02-05 21:00:00+00:00,0.3,1.4215
2022-02-06 21:00:00+00:00,0.0,1.0215
2022-02-07 21:00:00+00:00,0.0,0.4715
2022-02-08 21:00:00+00:00,0.2,1.8215001
2022-02-09 21:00:00+00:00,0.0,1.5215001
2022-02-10 21:00:00+00:00,0.0,-0.8285
2022-02-11 21:00:00+00:00,0.0,0.5215
2022-02-12 21:00:00+00:00,1.4000001,2.1215
2022-02-13 21:00:00+00:00,3.5999997,2.3715
2022-02-14 21:00:00+00:00,4.3999996,2.3215
2022-02-15 21:00:00+00:00,1.7999998,2.3215
2022-02-16 21:00:00+00:00,8.500001,2.8715
2022-02-17 21:00:00+00:00,0.0,0.8215
2022-02-18 21:00:00+00:00,0.0,1.0215
2022-02-19 21:00:00+00:00,0.0,0.2715
2022-02-20 21:00:00+00:00,0.0,0.37150002
2022-02-21 21:00:00+00:00,0.20000002,0.9715
2022-02-22 21:00:00+00:00,0.0,-0.8285
2022-02-23 21:00:00+00:00,2.4999998,3.1715
2022-02-24 21:00:00+00:00,2.3999999,2.5715
2022-02-25 21:00:00+00:00,0.0,0.3215
2022-02-26 21:00:00+00:00,0.0,1.4714999
2022-02-27 21:00:00+00:00,0.0,2.3215
2022-02-28 21:00:00+00:00,0.0,2.7215002
2022-03-01 21:00:00+00:00,0.1,2.2215002
2022-03-02 21:00:00+00:00,0.0,3.4715002
2022-03-03 21:00:00+00:00,0.0,0.8215
2022-03-04 21:00:00+00:00,0.0,0.4715
2022-03-05 21:00:00+00:00,0.0,2.6715
2022-03-06 21:00:00+00:00,0.0,0.7215
2022-03-07 21:00:00+00:00,0.0,-2.2285
2022-03-08 21:00:00+00:00,0.0,-2.4285
2022-03-09 21:00:00+00:00,0.0,-0.2785
2022-03-10 21:00:00+00:00,0.0,2.8215
2022-03-11 21:00:00+00:00,0.0,2.4715002
2022-03-12 21:00:00+00:00,0.0,4.7714996
2022-03-13 21:00:00+00:00,0.0,6.6714997
2022-03-14 21:00:00+00:00,0.0,4.0715
2022-03-15 21:00:00+00:00,0.0,1.2715001
2022-03-16 21:00:00+00:00,0.0,3.1715
2022-03-17 21:00:00+00:00,0.3,3.1215
2022-03-18 21:00:00+00:00,0.0,3.0715
2022-03-19 21:00:00+00:00,0.0,8.971499
2022-03-20 21:00:00+00:00,0.0,7.3215
2022-03-21 21:00:00+00:00,0.0,5.2714996
2022-03-22 21:00:00+00:00,0.0,4.7215
2022-03-23 21:00:00+00:00,0.2,8.1715
2022-03-24 21:00:00+00:00,0.2,4.8715
2022-03-25 21:00:00+00:00,0.0,4.1714997
2022-03-26 21:00:00+00:00,0.0,-0.4785
2022-03-27 21:00:00+00:00,0.4,4.9715
2022-03-28 21:00:00+00:00,0.0,-2.0284998
2022-03-29 21:00:00+00:00,0.0,0.2715
2022-03-30 21:00:00+00:00,0.0,0.7215
2022-03-31 21:00:00+00:00,0.0,0.3215
2022-04-01 21:00:00+00:00,0.0,0.7715
2022-04-02 21:00:00+00:00,0.0,2.6715
2022-04-03 21:00:00+00:00,1.4000001,1.6215
2022-04-04 21:00:00+00:00,2.0000002,1.3715
2022-04-05 21:00:00+00:00,0.1,0.2715
2022-04-06 21:00:00+00:00,0.4,1.4714999
2022-04-07 21:00:00+00:00,9.099999,4.1714997
2022-04-08 21:00:00+00:00,0.20000002,2.6715
2022-04-09 21:00:00+00:00,0.4,2.6715
2022-04-10 21:00:00+00:00,0.0,5.1714997
2022-04-11 21:00:00+00:00,0.0,5.3715
2022-04-12 21:00:00+00:00,0.0,6.1714997
2022-04-13 21:00:00+00:00,0.8000001,2.1715
2022-04-14 21:00:00+00:00,0.0,5.1714997
2022-04-15 21:00:00+00:00,0.0,5.9214997
2022-04-16 21:00:00+00:00,0.0,7.1714997
2022-04-17 21:00:00+00:00,0.0,10.221499
2022-04-18 21:00:00+00:00,0.0,9.7715
2022-04-19 21:00:00+00:00,0.0,12.8715
2022-04-20 21:00:00+00:00,0.0,12.1215
2022-04-21 21:00:00+00:00,0.0,10.5215
2022-04-22 21:00:00+00:00,0.0,10.721499
2022-04-23 21:00:00+00:00,0.0,11.221499
2022-04-24 21:00:00+00:00,0.0,10.5715
2022-04-25 21:00:00+00:00,0.0,9.6715
2022-04-26 21:00:00+00:00,0.2,5.7215
2022-04-27 21:00:00+00:00,1.0999999,4.4715
2022-04-28 21:00:00+00:00,0.3,6.4715
2022-04-29 21:00:00+00:00,0.0,6.6714997
2022-04-30 21:00:00+00:00,0.5,9.471499
2022-05-01 21:00:00+00:00,0.0,8.221499
2022-05-02 21:00:00+00:00,1.4000001,6.7215
2022-05-03 21:00:00+00:00,0.3,8.471499
2022-05-04 21:00:00+00:00,0.0,11.0215
2022-05-05 21:00:00+00:00,0.0,13.2715
2022-05-06 21:00:00+00:00,1.3000001,10.8715
2022-05-07 21:00:00+00:00,0.8,10.2715
2022-05-08 21:00:00+00:00,0.2,10.3215
2022-05-09 21:00:00+00:00,0.0,12.1715
2022-05-10 21:00:00+00:00,4.8,10.8215
2022-05-11 21:00:00+00:00,1.5,10.721499
2022-05-12 21:00:00+00:00,0.70000005,14.3715
2022-05-13 21:00:00+00:00,0.6,12.0715
2022-05-14 21:00:00+00:00,0.3,13.4215
2022-05-15 21:00:00+00:00,0.4,14.2715
2022-05-16 21:00:00+00:00,0.0,11.471499
2022-05-17 21:00:00+00:00,0.0,15.7715
2022-05-18 21:00:00+00:00,0.0,11.8215
2022-05-19 21:00:00+00:00,0.0,10.3715
2022-05-20 21:00:00+00:00,0.0,12.1715
2022-05-21 21:00:00+00:00,0.0,11.1215
2022-05-22 21:00:00+00:00,0.0,17.2215
2022-05-23 21:00:00+00:00,0.0,18.421501
2022-05-24 21:00:00+00:00,0.0,17.1215
2022-05-25 21:00:00+00:00,12.2,12.0715
2022-05-26 21:00:00+00:00,12.200001,10.5715
2022-05-27 21:00:00+00:00,5.299999,11.971499
2022-05-28 21:00:00+00:00,1.7000002,13.0715
2022-05-29 21:00:00+00:00,0.0,14.5715
2022-05-30 21:00:00+00:00,10.599999,12.3215
2022-05-31 21:00:00+00:00,1.2,15.3715
2022-06-01 21:00:00+00:00,26.800005,12.1715
2022-06-02 21:00:00+00:00,1.4000001,14.5715
2022-06-03 21:00:00+00:00,4.2,15.0215
2022-06-04 21:00:00+00:00,0.0,15.9215
2022-06-05 21:00:00+00:00,0.0,15.9215
2022-06-06 21:00:00+00:00,0.0,17.271502
2022-06-07 21:00:00+00:00,2.7,16.8715
2022-06-08 21:00:00+00:00,0.1,16.8215
2022-06-09 21:00:00+00:00,0.0,19.7215
2022-06-10 21:00:00+00:00,0.0,19.4715
2022-06-11 21:00:00+00:00,0.0,19.3715
2022-06-12 21:00:00+00:00,0.1,16.921501
2022-06-13 21:00:00+00:00,0.2,16.9715
2022-06-14 21:00:00+00:00,0.2,20.921501
2022-06-15 21:00:00+00:00,0.70000005,20.3715
2022-06-16 21:00:00+00:00,0.3,21.3215
2022-06-17 21:00:00+00:00,10.0,15.221499
2022-06-18 21:00:00+00:00,2.3000002,18.8215
2022-06-19 21:00:00+00:00,2.2999997,16.521502
2022-06-20 21:00:00+00:00,1.6,16.671501
2022-06-21 21:00:00+00:00,0.0,20.021502
2022-06-22 21:00:00+00:00,0.0,19.3715
2022-06-23 21:00:00+00:00,0.0,21.271502
2022-06-24 21:00:00+00:00,0.0,22.3715
2022-06-25 21:00:00+00:00,0.0,26.7215
2022-06-26 21:00:00+00:00,0.0,27.021502
2022-06-27 21:00:00+00:00,0.0,24.521502
2022-06-28 21:00:00+00:00,0.0,23.9715
2022-06-29 21:00:00+00:00,0.0,23.6215
2022-06-30 21:00:00+00:00,0.1,24.6215
2022-07-01 21:00:00+00:00,0.0,26.671501
2022-07-02 21:00:00+00:00,0.2,24.171501
2022-07-03 21:00:00+00:00,0.0,23.2215
2022-07-04 21:00:00+00:00,1.7,21.0715
2022-07-05 21:00:00+00:00,0.0,19.4715
2022-07-06 21:00:00+00:00,0.0,21.421501
2022-07-07 21:00:00+00:00,0.8000001,18.5715
2022-07-08 21:00:00+00:00,4.2,18.6215
2022-07-09 21:00:00+00:00,0.4,19.5715
2022-07-10 21:00:00+00:00,2.6,21.271502
2022-07-11 21:00:00+00:00,7.2000003,25.421501
2022-07-12 21:00:00+00:00,2.8999994,21.8715
2022-07-13 21:00:00+00:00,4.7,20.521502
2022-07-14 21:00:00+00:00,10.100001,17.521502
2022-07-15 21:00:00+00:00,0.3,16.421501
2022-07-16 21:00:00+00:00,3.1000001,16.921501
2022-07-17 21:00:00+00:00,0.2,17.521502
2022-07-18 21:00:00+00:00,3.3,20.7215
2022-07-19 21:00:00+00:00,0.0,23.021502
2022-07-20 21:00:00+00:00,0.0,23.1215
2022-07-21 21:00:00+00:00,0.0,23.1215
2022-07-22 21:00:00+00:00,13.900001,20.5715
2022-07-23 21:00:00+00:00,1.3000001,19.671501
2022-07-24 21:00:00+00:00,0.0,21.271502
2022-07-25 21:00:00+00:00,6.3999996,21.7215
2022-07-26 21:00:00+00:00,0.70000005,18.921501
2022-07-27 21:00:00+00:00,0.4,18.1215
2022-07-28 21:00:00+00:00,0.5,19.271502
2022-07-29 21:00:00+00:00,0.8,18.6215
2022-07-30 21:00:00+00:00,0.8,19.921501
2022-07-31 21:00:00+00:00,0.0,20.671501
2022-08-01 21:00:00+00:00,0.1,20.771502
2022-08-02 21:00:00+00:00,0.2,20.521502
2022-08-03 21:00:00+00:00,0.0,24.5715
2022-08-04 21:00:00+00:00,0.0,25.3215
2022-08-05 21:00:00+00:00,3.4,20.921501
2022-08-06 21:00:00+00:00,0.1,20.271502
2022-08-07 21:00:00+00:00,2.1,18.021502
2022-08-08 21:00:00+00:00,0.5,19.771502
2022-08-09 21:00:00+00:00,0.0,20.521502
2022-08-10 21:00:00+00:00,0.0,21.421501
2022-08-11 21:00:00+00:00,0.0,22.3715
2022-08-12 21:00:00+00:00,0.0,21.3215
2022-08-13 21:00:00+00:00,0.0,21.771502
2022-08-14 21:00:00+00:00,0.0,23.8715
2022-08-15 21:00:00+00:00,0.0,25.7215
2022-08-16 21:00:00+00:00,11.9,24.671501
2022-08-17 21:00:00+00:00,15.5,26.1215
2022-08-18 21:00:00+00:00,0.0,26.3715
2022-08-19 21:00:00+00:00,0.0,24.3215
2022-08-20 21:00:00+00:00,0.7,23.421501
2022-08-21 21:00:00+00:00,1.1,22.271502
2022-08-22 21:00:00+00:00,1.4000001,22.8215
2022-08-23 21:00:00+00:00,2.5,23.671501
2022-08-24 21:00:00+00:00,0.0,22.1215
2022-08-25 21:00:00+00:00,0.70000005,19.6215
2022-08-26 21:00:00+00:00,0.0,21.5715
2022-08-27 21:00:00+00:00,11.400001,25.5715
2022-08-28 21:00:00+00:00,8.400002,18.2215
2022-08-29 21:00:00+00:00,0.0,18.3715
2022-08-30 21:00:00+00:00,0.0,14.5715
2022-08-31 21:00:00+00:00,0.1,14.471499
2022-09-01 21:00:00+00:00,0.4,14.471499
2022-09-02 21:00:00+00:00,0.0,13.1215
2022-09-03 21:00:00+00:00,0.0,13.9215
2022-09-04 21:00:00+00:00,0.1,12.471499
2022-09-05 21:00:00+00:00,0.2,16.7215
2022-09-06 21:00:00+00:00,0.1,13.9215
2022-09-07 21:00:00+00:00,0.0,13.5215
2022-09-08 21:00:00+00:00,0.0,13.471499
2022-09-09 21:00:00+00:00,0.0,14.8715
2022-09-10 21:00:00+00:00,0.0,15.8215
2022-09-11 21:00:00+00:00,0.0,15.5715
2022-09-12 21:00:00+00:00,0.1,13.8215
2022-09-13 21:00:00+00:00,13.499999,14.4215
2022-09-14 21:00:00+00:00,7.7999988,14.0215
2022-09-15 21:00:00+00:00,6.9999995,12.9215
2022-09-16 21:00:00+00:00,1.9000001,13.3715
2022-09-17 21:00:00+00:00,1.0,13.5715
2022-09-18 21:00:00+00:00,0.1,14.2715
2022-09-19 21:00:00+00:00,0.1,13.3715
2022-09-20 21:00:00+00:00,0.1,11.7715
2022-09-21 21:00:00+00:00,0.0,11.3215
2022-09-22 21:00:00+00:00,0.4,12.6215
2022-09-23 21:00:00+00:00,0.4,12.1715
2022-09-24 21:00:00+00:00,0.0,12.6715
2022-09-25 21:00:00+00:00,0.6,12.1215
2022-09-26 21:00:00+00:00,0.0,12.721499
2022-09-27 21:00:00+00:00,1.0,11.7715
2022-09-28 21:00:00+00:00,8.299999,8.6215
2022-09-29 21:00:00+00:00,1.8000002,10.5215
2022-09-30 21:00:00+00:00,0.70000005,12.1715
2022-10-01 21:00:00+00:00,0.4,11.6715
2022-10-02 21:00:00+00:00,0.0,10.8715
2022-10-03 21:00:00+00:00,1.2,9.6715
2022-10-04 21:00:00+00:00,4.2000003,12.3715
2022-10-05 21:00:00+00:00,2.6,13.5215
2022-10-06 21:00:00+00:00,0.3,14.3715
2022-10-07 21:00:00+00:00,2.1,13.0215
2022-10-08 21:00:00+00:00,0.0,12.1715
2022-10-09 21:00:00+00:00,0.4,12.2715
2022-10-10 21:00:00+00:00,3.4,10.6715
2022-10-11 21:00:00+00:00,0.0,10.3715
2022-10-12 21:00:00+00:00,0.4,11.221499
2022-10-13 21:00:00+00:00,3.8000002,10.4215
2022-10-14 21:00:00+00:00,1.5000001,10.971499
2022-10-15 21:00:00+00:00,10.900001,12.3215
2022-10-16 21:00:00+00:00,5.0999994,11.221499
2022-10-17 21:00:00+00:00,2.3,9.3715
2022-10-18 21:00:00+00:00,0.0,7.2714996
2022-10-19 21:00:00+00:00,0.0,9.5715
2022-10-20 21:00:00+00:00,0.2,8.8215
2022-10-21 21:00:00+00:00,0.0,8.0215
2022-10-22 21:00:00+00:00,0.6,8.9215
2022-10-23 21:00:00+00:00,0.0,5.4214997
2022-10-24 21:00:00+00:00,4.9999995,7.7215
2022-10-25 21:00:00+00:00,2.8999999,10.2715
2022-10-26 21:00:00+00:00,2.8999999,9.971499
2022-10-27 21:00:00+00:00,0.3,10.9215
2022-10-28 21:00:00+00:00,3.5,11.9215
2022-10-29 21:00:00+00:00,0.0,6.3715
2022-10-30 21:00:00+00:00,1.6,9.2715
2022-10-31 21:00:00+00:00,0.6,9.221499
2022-11-01 21:00:00+00:00,0.3,7.4214997
2022-11-02 21:00:00+00:00,0.8000001,8.1715
2022-11-03 21:00:00+00:00,0.0,7.0715
2022-11-04 21:00:00+00:00,0.70000005,4.2714996
2022-11-05 21:00:00+00:00,10.3,8.8215
2022-11-06 21:00:00+00:00,5.1000004,9.1215
2022-11-07 21:00:00+00:00,6.1000004,8.8715
2022-11-08 21:00:00+00:00,6.299999,9.9215
2022-11-09 21:00:00+00:00,0.70000005,10.0715
2022-11-10 21:00:00+00:00,1.9000001,11.4215
2022-11-11 21:00:00+00:00,0.0,13.471499
2022-11-12 21:00:00+00:00,0.0,9.4215
2022-11-13 21:00:00+00:00,0.0,6.9715
2022-11-14 21:00:00+00:00,4.3,6.8215
2022-11-15 21:00:00+00:00,0.0,2.7215002
2022-11-16 21:00:00+00:00,0.0,1.7715001
2022-11-17 21:00:00+00:00,0.0,-0.028499998
2022-11-18 21:00:00+00:00,0.0,-0.1785
2022-11-19 21:00:00+00:00,0.0,-0.1785
2022-11-20 21:00:00+00:00,0.0,-0.7285
2022-11-21 21:00:00+00:00,0.0,0.4715
2022-11-22 21:00:00+00:00,0.0,-1.7284999
2022-11-23 21:00:00+00:00,0.0,0.1215
2022-11-24 21:00:00+00:00,0.0,0.3215
2022-11-25 21:00:00+00:00,0.0,0.4215
2022-11-26 21:00:00+00:00,0.0,-0.0785
2022-11-27 21:00:00+00:00,0.0,0.7715
2022-11-28 21:00:00+00:00,0.4,1.4215
2022-11-29 21:00:00+00:00,0.4,0.9215
2022-11-30 21:00:00+00:00,0.0,0.8215
2022-12-01 21:00:00+00:00,0.0,-0.7285
2022-12-02 21:00:00+00:00,0.0,-1.7284999
2022-12-03 21:00:00+00:00,0.1,-1.7284999
2022-12-04 21:00:00+00:00,0.0,0.5215
2022-12-05 21:00:00+00:00,0.0,0.6215
2022-12-06 21:00:00+00:00,0.3,0.8715
2022-12-07 21:00:00+00:00,0.0,0.6215
2022-12-08 21:00:00+00:00,0.0,-1.2284999
2022-12-09 21:00:00+00:00,0.0,0.2715
2022-12-10 21:00:00+00:00,0.0,-2.4285
2022-12-11 21:00:00+00:00,0.0,-3.9285
2022-12-12 21:00:00+00:00,0.0,-5.3285003
2022-12-13 21:00:00+00:00,0.0,0.9215
2022-12-14 21:00:00+00:00,0.0,0.37150002
2022-12-15 21:00:00+00:00,0.0,-3.4785
2022-12-16 21:00:00+00:00,0.0,-1.1784999
2022-12-17 21:00:00+00:00,1.9000001,2.8215
2022-12-18 21:00:00+00:00,0.2,2.0215
2022-12-19 21:00:00+00:00,0.9000001,2.5215
2022-12-20 21:00:00+00:00,2.1999998,4.0215
2022-12-21 21:00:00+00:00,0.8000001,3.1715
2022-12-22 21:00:00+00:00,3.7000003,2.8215
2022-12-23 21:00:00+00:00,0.0,-1.8285
2022-12-24 21:00:00+00:00,0.0,-2.6785
2022-12-25 21:00:00+00:00,0.0,-0.5285
2022-12-26 21:00:00+00:00,0.8,2.2215002
2022-12-27 21:00:00+00:00,0.0,1.2214999
2022-12-28 21:00:00+00:00,0.9,1.2214999
2022-12-29 21:00:00+00:00,3.5999997,3.5715
2022-12-30 21:00:00+00:00,1.8000001,4.8715
2022-12-31 21:00:00+00:00,0.0,4.8715
2023-01-01 21:00:00+00:00,0.100000024,0.7715
2023-01-02 21:00:00+00:00,0.59999996,1.0215
2023-01-03 21:00:00+00:00,0.0,-2.3285
2023-01-04 21:00:00+00:00,0.0,-7.2285004
2023-01-05 21:00:00+00:00,0.0,-5.7285004
2023-01-06 21:00:00+00:00,0.0,-5.2285004
2023-01-07 21:00:00+00:00,0.0,-4.4285
2023-01-08 21:00:00+00:00,0.0,-2.6785
2023-01-09 21:00:00+00:00,0.70000005,2.7215002
2023-01-10 21:00:00+00:00,1.3000002,2.8215
2023-01-11 21:00:00+00:00,2.8,2.7215002
2023-01-12 21:00:00+00:00,5.4,3.5215
2023-01-13 21:00:00+00:00,4.0000005,3.3215
2023-01-14 21:00:00+00:00,6.3999996,2.9715002
2023-01-15 21:00:00+00:00,2.9,3.1215
2023-01-16 21:00:00+00:00,0.19999999,2.6215
2023-01-17 21:00:00+00:00,2.0,2.1215
2023-01-18 21:00:00+00:00,0.0,0.9715
2023-01-19 21:00:00+00:00,0.0,0.1715
2023-01-20 21:00:00+00:00,0.0,-3.9285
2023-01-21 21:00:00+00:00,0.0,-3.8285
2023-01-22 21:00:00+00:00,0.0,0.0715
2023-01-23 21:00:00+00:00,0.0,0.7215
2023-01-24 21:00:00+00:00,0.0,2.9715002
2023-01-25 21:00:00+00:00,0.0,2.5715
2023-01-26 21:00:00+00:00,0.0,-1.4284999
2023-01-27 21:00:00+00:00,0.19999999,1.5715001
2023-01-28 21:00:00+00:00,0.1,1.7715001
2023-01-29 21:00:00+00:00,4.8999996,2.9215
2023-01-30 21:00:00+00:00,0.0,1.2715001
2023-01-31 21:00:00+00:00,0.1,0.8215
2023-02-01 21:00:00+00:00,0.0,-1.0285001
2023-02-02 21:00:00+00:00,0.0,-1.9784999
2023-02-03 21:00:00+00:00,0.0,-2.9285
2023-02-04 21:00:00+00:00,0.0,0.6215
2023-02-05 21:00:00+00:00,0.0,0.3215
2023-02-06 21:00:00+00:00,0.2,1.8715
2023-02-07 21:00:00+00:00,0.2,2.6215
2023-02-08 21:00:00+00:00,0.7,2.3215
2023-02-09 21:00:00+00:00,1.3000001,2.3215
2023-02-10 21:00:00+00:00,0.0,0.1215
2023-02-11 21:00:00+00:00,0.0,2.1215
2023-02-12 21:00:00+00:00,0.0,6.2215
2023-02-13 21:00:00+00:00,0.0,3.1215
2023-02-14 21:00:00+00:00,0.0,3.2715
2023-02-15 21:00:00+00:00,1.9000003,1.2715001
2023-02-16 21:00:00+00:00,2.3999999,2.0715
2023-02-17 21:00:00+00:00,0.099999994,0.6215
2023-02-18 21:00:00+00:00,0.0,-0.9285
2023-02-19 21:00:00+00:00,0.099999994,-2.0284998
2023-02-20 21:00:00+00:00,0.1,-2.2784998
2023-02-21 21:00:00+00:00,0.0,-7.9285
2023-02-22 21:00:00+00:00,0.1,0.021500003
2023-02-23 21:00:00+00:00,0.0,-0.0785
2023-02-24 21:00:00+00:00,0.0,-1.4284999
2023-02-25 21:00:00+00:00,0.0,-2.8285
2023-02-26 21:00:00+00:00,0.0,1.7715001
2023-02-27 21:00:00+00:00,0.3,2.8715
2023-02-28 21:00:00+00:00,0.0,3.6215
2023-03-01 21:00:00+00:00,0.0,3.9215
2023-03-02 21:00:00+00:00,0.0,2.4715002
2023-03-03 21:00:00+00:00,0.10000001,0.4715
2023-03-04 21:00:00+00:00,0.0,-0.8285
2023-03-05 21:00:00+00:00,0.0,-3.4785
2023-03-06 21:00:00+00:00,0.0,-3.2784998
2023-03-07 21:00:00+00:00,0.10000001,-2.8785
2023-03-08 21:00:00+00:00,0.0,-5.4785004
2023-03-09 21:00:00+00:00,0.0,-1.6285
2023-03-10 21:00:00+00:00,0.0,-4.8285003
2023-03-11 21:00:00+00:00,0.0,-1.7785001
2023-03-12 21:00:00+00:00,0.0,-0.5285
2023-03-13 21:00:00+00:00,9.299999,4.7714996
2023-03-14 21:00:00+00:00,0.4,3.8715
2023-03-15 21:00:00+00:00,0.0,1.5715001
2023-03-16 21:00:00+00:00,0.0,1.4215
2023-03-17 21:00:00+00:00,1.1000001,3.1715
2023-03-18 21:00:00+00:00,2.1,3.5215
2023-03-19 21:00:00+00:00,1.7000002,2.4715002
2023-03-20 21:00:00+00:00,0.3,4.7215
2023-03-21 21:00:00+00:00,1.7000002,2.7215002
2023-03-22 21:00:00+00:00,3.8999999,5.6714997
2023-03-23 21:00:00+00:00,5.5,4.6215
2023-03-24 21:00:00+00:00,6.0,5.1714997
2023-03-25 21:00:00+00:00,0.0,0.2715
2023-03-26 21:00:00+00:00,0.099999994,-1.3285
2023-03-27 21:00:00+00:00,0.0,-0.4285
2023-03-28 21:00:00+00:00,0.0,-1.1784999
2023-03-29 21:00:00+00:00,0.0,-0.97849995
2023-03-30 21:00:00+00:00,0.0,1.1215
2023-03-31 21:00:00+00:00,0.0,4.8715
2023-04-01 21:00:00+00:00,0.0,2.9215
2023-04-02 21:00:00+00:00,0.0,2.5215
2023-04-03 21:00:00+00:00,0.0,3.8715
2023-04-04 21:00:00+00:00,0.0,3.6215
2023-04-05 21:00:00+00:00,0.0,5.4715
2023-04-06 21:00:00+00:00,0.0,6.3715
2023-04-07 21:00:00+00:00,0.0,8.1715
2023-04-08 21:00:00+00:00,0.0,8.0715
2023-04-09 21:00:00+00:00,0.0,7.3715
2023-04-10 21:00:00+00:00,0.0,7.5715
2023-04-11 21:00:00+00:00,0.0,9.5215
2023-04-12 21:00:00+00:00,0.0,6.4214997
2023-04-13 21:00:00+00:00,0.0,5.0715
2023-04-14 21:00:00+00:00,0.0,6.1714997
2023-04-15 21:00:00+00:00,0.0,7.7714996
2023-04-16 21:00:00+00:00,0.0,9.8715
2023-04-17 21:00:00+00:00,0.0,12.221499
2023-04-18 21:00:00+00:00,0.0,10.971499
2023-04-19 21:00:00+00:00,0.0,14.4215
2023-04-20 21:00:00+00:00,0.0,15.4215
2023-04-21 21:00:00+00:00,0.0,13.471499
2023-04-22 21:00:00+00:00,0.0,12.6215
2023-04-23 21:00:00+00:00,0.2,10.0215
2023-04-24 21:00:00+00:00,1.3,14.3715
2023-04-25 21:00:00+00:00,1.4000001,11.1215
2023-04-26 21:00:00+00:00,4.2,8.1715
2023-04-27 21:00:00+00:00,0.5,6.7714996
2023-04-28 21:00:00+00:00,1.3000001,7.4715
2023-04-29 21:00:00+00:00,6.5999994,5.7714996
2023-04-30 21:00:00+00:00,0.8,9.221499
2023-05-01 21:00:00+00:00,9.200002,6.3215
2023-05-02 21:00:00+00:00,1.3,9.8715
2023-05-03 21:00:00+00:00,0.3,6.3715
2023-05-04 21:00:00+00:00,0.0,5.4214997
2023-05-05 21:00:00+00:00,0.3,6.9214997
2023-05-06 21:00:00+00:00,0.0,7.8215
2023-05-07 21:00:00+00:00,0.0,10.0215
2023-05-08 21:00:00+00:00,0.0,12.3215
2023-05-09 21:00:00+00:00,0.0,14.3215
2023-05-10 21:00:00+00:00,0.0,16.7215
2023-05-11 21:00:00+00:00,0.0,18.171501
2023-05-12 21:00:00+00:00,0.0,17.921501
2023-05-13 21:00:00+00:00,0.0,19.171501
2023-05-14 21:00:00+00:00,0.1,18.671501
2023-05-15 21:00:00+00:00,8.200001,12.9215
2023-05-16 21:00:00+00:00,0.5,12.721499
2023-05-17 21:00:00+00:00,0.0,12.971499
2023-05-18 21:00:00+00:00,0.0,12.3715
2023-05-19 21:00:00+00:00,0.0,15.971499
2023-05-20 21:00:00+00:00,0.0,17.421501
2023-05-21 21:00:00+00:00,5.7,18.021502
2023-05-22 21:00:00+00:00,0.4,16.9715
2023-05-23 21:00:00+00:00,0.0,18.6215
2023-05-24 21:00:00+00:00,1.4000001,18.421501
2023-05-25 21:00:00+00:00,8.8,14.0215
2023-05-26 21:00:00+00:00,0.0,15.0715
2023-05-27 21:00:00+00:00,0.0,15.0215
2023-05-28 21:00:00+00:00,0.0,15.1215
2023-05-29 21:00:00+00:00,2.5,15.5715
2023-05-30 21:00:00+00:00,1.1,17.771502
2023-05-31 21:00:00+00:00,0.0,12.1715
2023-06-01 21:00:00+00:00,0.5,11.6215
2023-06-02 21:00:00+00:00,1.9000001,12.6715
2023-06-03 21:00:00+00:00,2.1000001,15.5715
2023-06-04 21:00:00+00:00,0.0,17.8215
2023-06-05 21:00:00+00:00,0.3,16.1215
2023-06-06 21:00:00+00:00,0.0,16.3715
2023-06-07 21:00:00+00:00,2.9,16.171501
2023-06-08 21:00:00+00:00,0.0,17.0715
2023-06-09 21:00:00+00:00,0.0,14.1215
2023-06-10 21:00:00+00:00,0.0,15.2715
2023-06-11 21:00:00+00:00,0.0,18.3215
2023-06-12 21:00:00+00:00,0.0,20.9715
2023-06-13 21:00:00+00:00,0.0,20.9715
2023-06-14 21:00:00+00:00,0.0,22.3215
2023-06-15 21:00:00+00:00,0.0,22.521502
2023-06-16 21:00:00+00:00,0.0,23.3715
2023-06-17 21:00:00+00:00,0.0,21.0715
2023-06-18 21:00:00+00:00,0.0,20.4715
2023-06-19 21:00:00+00:00,0.0,26.2215
2023-06-20 21:00:00+00:00,0.0,25.9715
2023-06-21 21:00:00+00:00,6.4999995,20.921501
2023-06-22 21:00:00+00:00,0.1,25.7215
2023-06-23 21:00:00+00:00,0.0,21.6215
2023-06-24 21:00:00+00:00,6.7999997,20.271502
2023-06-25 21:00:00+00:00,0.0,20.6215
2023-06-26 21:00:00+00:00,0.0,21.0715
2023-06-27 21:00:00+00:00,1.1,24.021502
2023-06-28 21:00:00+00:00,1.0,24.9715
2023-06-29 21:00:00+00:00,0.1,25.171501
2023-06-30 21:00:00+00:00,15.2,20.4715
2023-07-01 21:00:00+00:00,13.200002,18.5715
2023-07-02 21:00:00+00:00,3.4,17.171501
2023-07-03 21:00:00+00:00,6.2,17.8215
2023-07-04 21:00:00+00:00,2.2,17.8215
2023-07-05 21:00:00+00:00,1.4,18.921501
2023-07-06 21:00:00+00:00,1.4000001,18.6215
2023-07-07 21:00:00+00:00,4.6,20.921501
2023-07-08 21:00:00+00:00,5.4,19.3215
2023-07-09 21:00:00+00:00,0.0,19.6215
2023-07-10 21:00:00+00:00,0.0,17.771502
2023-07-11 21:00:00+00:00,0.0,19.921501
2023-07-12 21:00:00+00:00,0.0,22.271502
2023-07-13 21:00:00+00:00,1.3000001,21.171501
2023-07-14 21:00:00+00:00,0.3,22.3715
2023-07-15 21:00:00+00:00,1.5999999,22.271502
2023-07-16 21:00:00+00:00,0.0,20.271502
2023-07-17 21:00:00+00:00,4.5999994,18.771502
2023-07-18 21:00:00+00:00,0.90000004,20.171501
2023-07-19 21:00:00+00:00,0.8,19.021502
2023-07-20 21:00:00+00:00,0.9000001,19.521502
2023-07-21 21:00:00+00:00,0.3,19.421501
2023-07-22 21:00:00+00:00,0.1,18.271502
2023-07-23 21:00:00+00:00,0.90000004,18.921501
2023-07-24 21:00:00+00:00,2.0,18.771502
2023-07-25 21:00:00+00:00,3.4,20.921501
2023-07-26 21:00:00+00:00,0.0,19.271502
2023-07-27 21:00:00+00:00,2.6,18.771502
2023-07-28 21:00:00+00:00,7.5,18.3215
2023-07-29 21:00:00+00:00,0.0,21.4715
2023-07-30 21:00:00+00:00,1.3,18.921501
2023-07-31 21:00:00+00:00,9.200002,18.0715
2023-08-01 21:00:00+00:00,8.599999,18.921501
2023-08-02 21:00:00+00:00,8.7,19.7215
2023-08-03 21:00:00+00:00,3.9999995,19.3715
2023-08-04 21:00:00+00:00,0.2,20.271502
2023-08-05 21:00:00+00:00,0.3,21.9715
2023-08-06 21:00:00+00:00,0.0,26.271502
2023-08-07 21:00:00+00:00,0.5,23.171501
2023-08-08 21:00:00+00:00,0.8,19.3215
2023-08-09 21:00:00+00:00,1.7,18.4715
2023-08-10 21:00:00+00:00,0.7,19.1215
2023-08-11 21:00:00+00:00,0.0,19.021502
2023-08-12 21:00:00+00:00,0.3,20.8715
2023-08-13 21:00:00+00:00,0.6,21.921501
2023-08-14 21:00:00+00:00,0.0,21.8715
2023-08-15 21:00:00+00:00,8.200001,22.271502
2023-08-16 21:00:00+00:00,3.3999999,22.671501
2023-08-17 21:00:00+00:00,0.0,20.2215
2023-08-18 21:00:00+00:00,1.8,17.8215
2023-08-19 21:00:00+00:00,0.0,19.021502
2023-08-20 21:00:00+00:00,2.6999998,20.021502
2023-08-21 21:00:00+00:00,1.4000001,19.671501
2023-08-22 21:00:00+00:00,9.400002,19.421501
2023-08-23 21:00:00+00:00,2.0,18.8215
2023-08-24 21:00:00+00:00,0.7,18.771502
2023-08-25 21:00:00+00:00,0.9000001,19.421501
2023-08-26 21:00:00+00:00,3.7999997,18.8715
2023-08-27 21:00:00+00:00,32.0,17.8715
2023-08-28 21:00:00+00:00,0.1,19.3715
2023-08-29 21:00:00+00:00,8.6,17.9715
2023-08-30 21:00:00+00:00,17.9,19.271502
2023-08-31 21:00:00+00:00,1.7000002,18.5715
2023-09-01 21:00:00+00:00,8.400001,17.0715
2023-09-02 21:00:00+00:00,0.6,18.3215
2023-09-03 21:00:00+00:00,0.2,19.6215
2023-09-04 21:00:00+00:00,0.9000001,19.2215
2023-09-05 21:00:00+00:00,0.0,17.771502
2023-09-06 21:00:00+00:00,0.2,18.6215
2023-09-07 21:00:00+00:00,0.5,19.9715
2023-09-08 21:00:00+00:00,0.4,16.9715
2023-09-09 21:00:00+00:00,0.0,19.771502
2023-09-10 21:00:00+00:00,0.0,19.171501
2023-09-11 21:00:00+00:00,0.0,18.9715
2023-09-12 21:00:00+00:00,9.3,19.521502
2023-09-13 21:00:00+00:00,5.5,17.2215
2023-09-14 21:00:00+00:00,0.0,16.171501
2023-09-15 21:00:00+00:00,1.0,17.3215
2023-09-16 21:00:00+00:00,2.5,16.1215
2023-09-17 21:00:00+00:00,0.0,14.3215
2023-09-18 21:00:00+00:00,7.1000004,18.7215
2023-09-19 21:00:00+00:00,4.0,17.1215
2023-09-20 21:00:00+00:00,0.1,19.021502
2023-09-21 21:00:00+00:00,0.0,19.771502
2023-09-22 21:00:00+00:00,11.700001,19.2215
2023-09-23 21:00:00+00:00,0.2,17.171501
2023-09-24 21:00:00+00:00,0.0,16.7215
2023-09-25 21:00:00+00:00,0.5,17.421501
2023-09-26 21:00:00+00:00,1.8000001,16.8715
2023-09-27 21:00:00+00:00,0.0,17.271502
2023-09-28 21:00:00+00:00,0.2,17.671501
2023-09-29 21:00:00+00:00,13.600001,16.2215
2023-09-30 21:00:00+00:00,0.1,15.0715
2023-10-01 21:00:00+00:00,2.1,14.971499
2023-10-02 21:00:00+00:00,15.7,13.8715
2023-10-03 21:00:00+00:00,12.8,13.0215
2023-10-04 21:00:00+00:00,0.0,12.5715
2023-10-05 21:00:00+00:00,5.3,10.9215
2023-10-06 21:00:00+00:00,11.000004,12.0715
2023-10-07 21:00:00+00:00,0.3,6.6714997
2023-10-08 21:00:00+00:00,0.1,7.3715
2023-10-09 21:00:00+00:00,0.1,9.971499
2023-10-10 21:00:00+00:00,16.4,13.1715
2023-10-11 21:00:00+00:00,0.1,10.3715
2023-10-12 21:00:00+00:00,0.0,11.6715
2023-10-13 21:00:00+00:00,17.8,13.4215
2023-10-14 21:00:00+00:00,0.0,9.471499
2023-10-15 21:00:00+00:00,0.0,8.2715
2023-10-16 21:00:00+00:00,0.0,8.3715
2023-10-17 21:00:00+00:00,0.0,3.6215
2023-10-18 21:00:00+00:00,0.1,3.6715
2023-10-19 21:00:00+00:00,0.0,3.7715
2023-10-20 21:00:00+00:00,0.0,5.0214996
2023-10-21 21:00:00+00:00,2.0,5.4715
2023-10-22 21:00:00+00:00,0.4,4.1714997
2023-10-23 21:00:00+00:00,0.70000005,2.6715
2023-10-24 21:00:00+00:00,2.8,2.6715
2023-10-25 21:00:00+00:00,0.3,3.4215
2023-10-26 21:00:00+00:00,0.2,2.6715
2023-10-27 21:00:00+00:00,0.0,1.7715001
2023-10-28 21:00:00+00:00,0.0,0.37150002
2023-10-29 21:00:00+00:00,0.90000004,2.8715
2023-10-30 21:00:00+00:00,16.8,7.3715
2023-10-31 21:00:00+00:00,7.1999993,7.7714996
2023-11-01 21:00:00+00:00,0.0,4.0715
2023-11-02 21:00:00+00:00,0.3,7.4715
2023-11-03 21:00:00+00:00,6.9999995,9.471499
2023-11-04 21:00:00+00:00,1.2,9.221499
2023-11-05 21:00:00+00:00,0.9000001,8.221499
2023-11-06 21:00:00+00:00,0.6,7.6714997
2023-11-07 21:00:00+00:00,0.1,5.9214997
2023-11-08 21:00:00+00:00,2.7,5.5214996
2023-11-09 21:00:00+00:00,13.2,7.6714997
2023-11-10 21:00:00+00:00,3.9,7.7714996
2023-11-11 21:00:00+00:00,11.000002,6.1215
2023-11-12 21:00:00+00:00,0.8000001,3.0715
2023-11-13 21:00:00+00:00,0.0,1.3715
2023-11-14 21:00:00+00:00,0.0,0.6215
2023-11-15 21:00:00+00:00,0.0,-0.6285
2023-11-16 21:00:00+00:00,0.0,-1.9784999
2023-11-17 21:00:00+00:00,0.0,0.7715
2023-11-18 21:00:00+00:00,0.2,1.3215001
2023-11-19 21:00:00+00:00,0.8000001,1.9215
2023-11-20 21:00:00+00:00,0.0,-0.6785
2023-11-21 21:00:00+00:00,0.0,1.0215
2023-11-22 21:00:00+00:00,2.1999998,2.7715
2023-11-23 21:00:00+00:00,0.0,0.2715
2023-11-24 21:00:00+00:00,0.0,-5.0785003
2023-11-25 21:00:00+00:00,0.1,-5.8785
2023-11-26 21:00:00+00:00,0.0,-8.2285
2023-11-27 21:00:00+00:00,0.29999995,-0.4285
2023-11-28 21:00:00+00:00,0.1,-0.6285
2023-11-29 21:00:00+00:00,0.0,-2.3285
2023-11-30 21:00:00+00:00,0.0,-3.6285
2023-12-01 21:00:00+00:00,0.0,-6.5285
2023-12-02 21:00:00+00:00,0.0,-6.9785004
2023-12-03 21:00:00+00:00,0.1,-7.7785
2023-12-04 21:00:00+00:00,0.0,-7.2285004
2023-12-05 21:00:00+00:00,0.0,-3.4785
2023-12-06 21:00:00+00:00,0.0,-2.5284998
2023-12-07 21:00:00+00:00,0.0,-3.0785
2023-12-08 21:00:00+00:00,0.0,-5.1785
2023-12-09 21:00:00+00:00,0.0,-3.9285
2023-12-10 21:00:00+00:00,0.1,-2.7784998
2023-12-11 21:00:00+00:00,0.2,-4.3285003
2023-12-12 21:00:00+00:00,0.19999999,-2.6285
2023-12-13 21:00:00+00:00,0.2,-2.5785
2023-12-14 21:00:00+00:00,0.1,-1.6784999
2023-12-15 21:00:00+00:00,1.3000001,3.4715002
2023-12-16 21:00:00+00:00,1.0,3.9715002
2023-12-17 21:00:00+00:00,0.0,1.7214999
2023-12-18 21:00:00+00:00,6.2000003,4.1215
2023-12-19 21:00:00+00:00,0.0,0.22150001
2023-12-20 21:00:00+00:00,0.4,1.2214999
2023-12-21 21:00:00+00:00,1.9000001,1.8715
2023-12-22 21:00:00+00:00,0.90000004,1.6215
2023-12-23 21:00:00+00:00,0.0,-0.9285
2023-12-24 21:00:00+00:00,0.0,-1.7785001
2023-12-25 21:00:00+00:00,0.0,-3.8785
2023-12-26 21:00:00+00:00,0.1,-1.9784999
2023-12-27 21:00:00+00:00,0.0,-0.028499998
2023-12-28 21:00:00+00:00,1.0000001,1.1215
2023-12-29 21:00:00+00:00,0.20000002,0.22150001
2023-12-30 21:00:00+00:00,0.0,-8.6785
2023-12-31 21:00:00+00:00,0.0,-8.678500175476074
